date,rows,fraud
1991-01-02,4,0
1991-01-03,3,0
1991-01-04,2,0
1991-01-05,2,0
1991-01-07,1,0
1991-01-09,2,0
1991-01-10,1,0
1991-01-13,1,0
1991-01-14,1,0
1991-01-15,1,0
1991-01-17,5,0
1991-01-18,1,0
1991-01-19,1,0
1991-01-20,4,0
1991-01-21,3,0
1991-01-22,6,0
1991-01-24,1,0
1991-01-25,2,0
1991-01-26,6,0
1991-01-27,1,0
1991-01-29,5,0
1991-01-30,1,0
1991-01-31,1,0
1991-02-01,2,0
1991-02-02,3,0
1991-02-03,2,0
1991-02-04,1,0
1991-02-06,1,0
1991-02-07,3,0
1991-02-08,2,0
1991-02-09,1,0
1991-02-10,4,0
1991-02-12,2,0
1991-02-13,1,0
1991-02-14,2,0
1991-02-15,1,0
1991-02-16,2,0
1991-02-17,5,0
1991-02-18,2,0
1991-02-19,4,0
1991-02-20,1,0
1991-02-21,1,0
1991-02-22,1,0
1991-02-24,2,0
1991-02-25,2,0
1991-02-26,1,0
1991-02-28,2,0
1991-03-01,3,0
1991-03-02,2,0
1991-03-03,1,0
1991-03-04,2,0
1991-03-10,1,0
1991-03-11,2,0
1991-03-12,5,0
1991-03-13,2,0
1991-03-14,3,0
1991-03-15,1,0
1991-03-16,2,0
1991-03-17,2,0
1991-03-19,4,0
1991-03-20,1,0
1991-03-21,2,0
1991-03-22,2,0
1991-03-23,2,0
1991-03-25,1,0
1991-03-28,2,0
1991-03-29,1,0
1991-03-31,4,0
1991-04-01,5,0
1991-04-03,1,0
1991-04-05,1,0
1991-04-07,2,0
1991-04-08,2,0
1991-04-09,2,0
1991-04-10,2,0
1991-04-11,2,0
1991-04-13,4,0
1991-04-14,3,0
1991-04-16,2,0
1991-04-18,4,0
1991-04-20,1,0
1991-04-21,3,0
1991-04-22,1,0
1991-04-23,1,0
1991-04-25,1,0
1991-04-26,1,0
1991-04-27,4,0
1991-04-29,4,0
1991-04-30,2,0
1991-05-01,1,0
1991-05-02,4,0
1991-05-03,4,0
1991-05-05,4,0
1991-05-06,2,0
1991-05-07,1,0
1991-05-08,1,0
1991-05-09,1,0
1991-05-10,1,0
1991-05-11,1,0
1991-05-12,1,0
1991-05-13,1,0
1991-05-15,2,0
1991-05-16,2,0
1991-05-17,2,0
1991-05-20,2,0
1991-05-21,1,0
1991-05-22,4,0
1991-05-24,1,0
1991-05-26,1,0
1991-05-27,3,0
1991-05-28,1,0
1991-05-29,2,0
1991-05-30,2,0
1991-06-01,1,0
1991-06-03,1,0
1991-06-04,5,0
1991-06-05,5,0
1991-06-09,2,0
1991-06-10,2,0
1991-06-11,4,0
1991-06-12,1,0
1991-06-14,2,0
1991-06-15,2,0
1991-06-16,6,0
1991-06-17,1,0
1991-06-18,1,0
1991-06-19,1,0
1991-06-20,1,0
1991-06-21,2,0
1991-06-22,1,0
1991-06-23,4,0
1991-06-26,1,0
1991-06-27,1,0
1991-06-28,5,0
1991-06-29,2,0
1991-06-30,1,0
1991-07-01,7,0
1991-07-02,3,0
1991-07-03,5,0
1991-07-04,5,0
1991-07-05,9,0
1991-07-06,5,0
1991-07-07,6,0
1991-07-08,1,0
1991-07-09,6,0
1991-07-10,6,0
1991-07-11,9,0
1991-07-12,5,0
1991-07-13,6,0
1991-07-14,8,0
1991-07-15,4,0
1991-07-16,3,0
1991-07-17,9,0
1991-07-18,4,0
1991-07-19,9,0
1991-07-20,7,0
1991-07-21,5,0
1991-07-22,5,0
1991-07-23,1,0
1991-07-24,5,0
1991-07-25,12,0
1991-07-26,7,0
1991-07-27,6,0
1991-07-28,5,0
1991-07-29,6,0
1991-07-30,3,0
1991-07-31,6,0
1991-08-01,7,0
1991-08-02,5,0
1991-08-03,7,0
1991-08-04,6,0
1991-08-05,5,0
1991-08-06,4,0
1991-08-07,5,0
1991-08-08,8,0
1991-08-09,9,0
1991-08-10,10,0
1991-08-11,7,0
1991-08-12,6,0
1991-08-13,9,0
1991-08-14,4,0
1991-08-15,7,0
1991-08-16,4,0
1991-08-17,5,0
1991-08-18,5,0
1991-08-19,6,0
1991-08-20,6,0
1991-08-21,2,0
1991-08-22,3,0
1991-08-23,3,0
1991-08-24,1,0
1991-08-25,4,0
1991-08-26,3,0
1991-08-27,3,0
1991-08-29,8,0
1991-08-30,5,0
1991-08-31,7,0
1991-09-01,5,0
1991-09-02,6,0
1991-09-03,11,0
1991-09-04,11,0
1991-09-05,8,0
1991-09-06,4,0
1991-09-07,8,0
1991-09-08,8,0
1991-09-09,8,0
1991-09-10,3,0
1991-09-11,2,0
1991-09-12,5,0
1991-09-13,10,0
1991-09-14,6,0
1991-09-15,2,0
1991-09-16,6,0
1991-09-17,10,0
1991-09-18,6,0
1991-09-19,4,0
1991-09-21,7,0
1991-09-22,9,0
1991-09-23,7,0
1991-09-24,7,0
1991-09-25,6,0
1991-09-26,2,0
1991-09-27,8,0
1991-09-28,7,0
1991-09-29,7,0
1991-09-30,7,0
1991-10-01,6,0
1991-10-03,4,0
1991-10-04,5,0
1991-10-05,4,0
1991-10-06,4,0
1991-10-07,4,0
1991-10-08,7,0
1991-10-09,4,0
1991-10-10,4,0
1991-10-11,1,0
1991-10-12,3,0
1991-10-13,8,0
1991-10-14,3,0
1991-10-15,2,0
1991-10-17,7,0
1991-10-18,6,0
1991-10-19,4,0
1991-10-20,5,0
1991-10-21,9,0
1991-10-22,9,0
1991-10-23,7,0
1991-10-24,8,0
1991-10-25,5,0
1991-10-26,5,0
1991-10-27,11,0
1991-10-28,2,0
1991-10-29,2,0
1991-10-30,10,0
1991-10-31,6,0
1991-11-01,7,0
1991-11-02,7,0
1991-11-03,8,0
1991-11-04,3,0
1991-11-05,6,0
1991-11-06,6,0
1991-11-07,7,0
1991-11-08,8,0
1991-11-09,3,0
1991-11-11,4,0
1991-11-12,4,0
1991-11-13,2,0
1991-11-14,5,0
1991-11-15,8,0
1991-11-16,8,0
1991-11-17,7,0
1991-11-18,5,0
1991-11-19,4,0
1991-11-20,4,0
1991-11-21,15,0
1991-11-22,12,0
1991-11-23,8,0
1991-11-24,9,0
1991-11-25,6,0
1991-11-26,6,0
1991-11-27,2,0
1991-11-28,4,0
1991-11-29,7,0
1991-11-30,4,0
1991-12-01,14,0
1991-12-02,22,0
1991-12-03,10,0
1991-12-04,8,0
1991-12-05,19,0
1991-12-06,14,0
1991-12-07,16,0
1991-12-08,10,0
1991-12-09,15,0
1991-12-10,18,0
1991-12-11,15,0
1991-12-12,13,0
1991-12-13,16,0
1991-12-14,12,0
1991-12-15,12,0
1991-12-16,19,0
1991-12-17,19,0
1991-12-18,9,0
1991-12-19,12,0
1991-12-20,15,0
1991-12-21,14,0
1991-12-22,9,0
1991-12-23,16,0
1991-12-24,24,0
1991-12-25,7,0
1991-12-26,11,0
1991-12-27,8,0
1991-12-28,9,0
1991-12-29,19,0
1991-12-30,7,0
1991-12-31,14,0
1992-01-01,9,0
1992-01-02,13,0
1992-01-03,14,0
1992-01-04,14,0
1992-01-05,21,0
1992-01-06,16,0
1992-01-07,12,0
1992-01-08,16,0
1992-01-09,10,0
1992-01-10,12,0
1992-01-11,19,0
1992-01-12,15,0
1992-01-13,13,0
1992-01-14,14,0
1992-01-15,7,0
1992-01-16,15,0
1992-01-17,15,0
1992-01-18,16,0
1992-01-19,20,0
1992-01-20,12,0
1992-01-21,16,0
1992-01-22,6,0
1992-01-23,11,0
1992-01-24,10,0
1992-01-25,9,0
1992-01-26,18,0
1992-01-27,12,0
1992-01-28,16,0
1992-01-29,13,0
1992-01-30,12,0
1992-01-31,12,0
1992-02-01,13,0
1992-02-02,19,0
1992-02-03,10,0
1992-02-04,8,0
1992-02-05,8,0
1992-02-06,17,0
1992-02-07,13,0
1992-02-08,12,0
1992-02-09,12,0
1992-02-10,7,0
1992-02-11,15,0
1992-02-12,17,0
1992-02-13,14,0
1992-02-14,8,0
1992-02-15,16,0
1992-02-16,8,0
1992-02-17,8,0
1992-02-18,20,0
1992-02-19,13,0
1992-02-20,14,0
1992-02-21,11,0
1992-02-22,20,0
1992-02-23,8,0
1992-02-24,17,0
1992-02-25,20,0
1992-02-26,8,0
1992-02-27,15,0
1992-02-28,16,0
1992-03-01,10,0
1992-03-02,13,0
1992-03-03,20,0
1992-03-04,13,0
1992-03-05,11,0
1992-03-06,15,0
1992-03-07,11,0
1992-03-08,11,0
1992-03-09,14,0
1992-03-10,14,0
1992-03-11,12,0
1992-03-12,12,0
1992-03-13,22,0
1992-03-14,16,0
1992-03-15,15,0
1992-03-16,17,0
1992-03-17,20,0
1992-03-18,13,0
1992-03-19,12,0
1992-03-20,19,0
1992-03-21,15,0
1992-03-22,8,0
1992-03-23,12,0
1992-03-24,14,0
1992-03-25,14,0
1992-03-26,11,0
1992-03-27,18,0
1992-03-28,7,0
1992-03-29,12,0
1992-03-30,8,0
1992-03-31,17,0
1992-04-01,14,0
1992-04-02,12,0
1992-04-03,22,0
1992-04-04,12,0
1992-04-05,10,0
1992-04-06,16,0
1992-04-07,16,0
1992-04-08,12,0
1992-04-09,13,0
1992-04-10,18,0
1992-04-11,16,0
1992-04-12,15,0
1992-04-13,13,0
1992-04-14,14,0
1992-04-15,6,0
1992-04-16,13,0
1992-04-17,7,0
1992-04-18,18,0
1992-04-19,12,0
1992-04-20,14,0
1992-04-21,19,0
1992-04-22,17,0
1992-04-23,12,0
1992-04-24,23,0
1992-04-25,5,0
1992-04-26,15,0
1992-04-27,19,0
1992-04-28,16,0
1992-04-29,15,0
1992-04-30,13,0
1992-05-01,17,0
1992-05-02,11,0
1992-05-03,17,0
1992-05-04,13,0
1992-05-05,10,0
1992-05-06,10,0
1992-05-07,23,0
1992-05-08,18,0
1992-05-09,14,0
1992-05-10,11,0
1992-05-11,17,0
1992-05-12,14,0
1992-05-13,12,0
1992-05-14,19,0
1992-05-15,11,0
1992-05-16,13,0
1992-05-17,14,0
1992-05-18,9,0
1992-05-19,14,0
1992-05-20,17,0
1992-05-21,23,0
1992-05-22,13,0
1992-05-23,17,0
1992-05-24,12,0
1992-05-25,16,0
1992-05-26,12,0
1992-05-27,8,0
1992-05-28,14,0
1992-05-29,16,0
1992-05-30,17,0
1992-05-31,9,0
1992-06-01,17,0
1992-06-02,18,0
1992-06-03,7,0
1992-06-04,5,0
1992-06-05,11,0
1992-06-06,14,0
1992-06-07,11,0
1992-06-08,14,0
1992-06-09,17,0
1992-06-10,11,0
1992-06-11,12,0
1992-06-12,16,0
1992-06-13,11,0
1992-06-14,10,0
1992-06-15,13,0
1992-06-16,15,0
1992-06-17,13,0
1992-06-18,17,0
1992-06-19,11,0
1992-06-20,13,0
1992-06-21,11,0
1992-06-22,18,0
1992-06-23,14,0
1992-06-24,10,0
1992-06-25,7,0
1992-06-26,5,0
1992-06-27,10,0
1992-06-28,13,0
1992-06-29,12,0
1992-06-30,10,0
1992-07-01,10,0
1992-07-02,11,0
1992-07-03,23,0
1992-07-04,9,0
1992-07-05,8,0
1992-07-06,9,0
1992-07-07,14,0
1992-07-08,11,0
1992-07-09,9,0
1992-07-10,17,0
1992-07-11,11,0
1992-07-12,12,0
1992-07-13,16,0
1992-07-14,19,0
1992-07-15,13,0
1992-07-16,11,0
1992-07-17,17,0
1992-07-18,14,0
1992-07-19,10,0
1992-07-20,13,0
1992-07-21,23,0
1992-07-22,11,0
1992-07-23,10,0
1992-07-24,8,0
1992-07-25,10,0
1992-07-26,21,0
1992-07-27,9,0
1992-07-28,14,0
1992-07-29,13,0
1992-07-30,19,0
1992-07-31,11,0
1992-08-01,14,0
1992-08-02,14,0
1992-08-03,17,0
1992-08-04,9,0
1992-08-05,15,0
1992-08-06,15,0
1992-08-07,10,0
1992-08-08,11,0
1992-08-09,15,0
1992-08-10,11,0
1992-08-11,19,0
1992-08-12,13,0
1992-08-13,18,0
1992-08-14,13,0
1992-08-15,19,0
1992-08-16,13,0
1992-08-17,18,0
1992-08-18,10,0
1992-08-19,15,0
1992-08-20,9,0
1992-08-21,13,0
1992-08-22,12,0
1992-08-23,13,0
1992-08-24,11,0
1992-08-25,8,0
1992-08-26,6,0
1992-08-27,17,0
1992-08-28,14,0
1992-08-29,11,0
1992-08-30,17,0
1992-08-31,15,0
1992-09-01,12,0
1992-09-02,13,0
1992-09-03,10,0
1992-09-04,7,0
1992-09-05,11,0
1992-09-06,12,0
1992-09-07,11,0
1992-09-08,16,0
1992-09-09,11,0
1992-09-10,7,0
1992-09-11,13,0
1992-09-12,15,0
1992-09-13,14,0
1992-09-14,9,0
1992-09-15,12,0
1992-09-16,22,0
1992-09-17,14,0
1992-09-18,12,0
1992-09-19,14,0
1992-09-20,12,0
1992-09-21,16,0
1992-09-22,9,0
1992-09-23,7,0
1992-09-24,10,0
1992-09-25,13,0
1992-09-26,21,0
1992-09-27,14,0
1992-09-28,12,0
1992-09-29,14,0
1992-09-30,13,0
1992-10-01,12,0
1992-10-02,12,0
1992-10-03,17,0
1992-10-04,11,0
1992-10-05,16,0
1992-10-06,11,0
1992-10-07,9,0
1992-10-08,14,0
1992-10-09,12,0
1992-10-10,16,0
1992-10-11,15,0
1992-10-12,9,0
1992-10-13,9,0
1992-10-14,13,0
1992-10-15,11,0
1992-10-16,20,0
1992-10-17,16,0
1992-10-18,11,0
1992-10-19,15,0
1992-10-20,11,0
1992-10-21,12,0
1992-10-22,16,0
1992-10-23,11,0
1992-10-24,7,0
1992-10-25,11,0
1992-10-26,10,0
1992-10-27,12,0
1992-10-28,8,0
1992-10-29,9,0
1992-10-30,4,0
1992-10-31,15,0
1992-11-01,17,0
1992-11-02,23,0
1992-11-03,19,0
1992-11-04,11,0
1992-11-05,12,0
1992-11-06,24,0
1992-11-07,12,0
1992-11-08,19,0
1992-11-09,26,0
1992-11-10,19,0
1992-11-11,24,0
1992-11-12,23,0
1992-11-13,15,0
1992-11-14,17,0
1992-11-15,14,0
1992-11-16,16,0
1992-11-17,12,0
1992-11-18,18,0
1992-11-19,15,0
1992-11-20,16,0
1992-11-21,17,0
1992-11-22,12,0
1992-11-23,19,0
1992-11-24,10,0
1992-11-25,18,0
1992-11-26,13,0
1992-11-27,16,0
1992-11-28,21,0
1992-11-29,25,0
1992-11-30,16,0
1992-12-01,14,0
1992-12-02,14,0
1992-12-03,17,0
1992-12-04,16,0
1992-12-05,22,0
1992-12-06,17,0
1992-12-07,15,0
1992-12-08,22,0
1992-12-09,18,0
1992-12-10,23,0
1992-12-11,19,0
1992-12-12,24,0
1992-12-13,22,0
1992-12-14,16,0
1992-12-15,22,0
1992-12-16,19,0
1992-12-17,17,0
1992-12-18,25,0
1992-12-19,15,0
1992-12-20,21,0
1992-12-21,18,0
1992-12-22,19,0
1992-12-23,24,0
1992-12-24,20,0
1992-12-25,13,0
1992-12-26,17,0
1992-12-27,26,0
1992-12-28,25,0
1992-12-29,20,0
1992-12-30,17,0
1992-12-31,21,0
1993-01-01,14,0
1993-01-02,25,0
1993-01-03,24,0
1993-01-04,23,0
1993-01-05,26,0
1993-01-06,21,0
1993-01-07,22,0
1993-01-08,14,0
1993-01-09,18,0
1993-01-10,19,0
1993-01-11,22,0
1993-01-12,28,0
1993-01-13,21,0
1993-01-14,30,0
1993-01-15,13,0
1993-01-16,22,0
1993-01-17,18,0
1993-01-18,18,0
1993-01-19,20,0
1993-01-20,20,0
1993-01-21,22,0
1993-01-22,13,0
1993-01-23,27,0
1993-01-24,21,0
1993-01-25,13,0
1993-01-26,25,0
1993-01-27,18,0
1993-01-28,18,0
1993-01-29,13,0
1993-01-30,22,0
1993-01-31,17,0
1993-02-01,17,0
1993-02-02,23,0
1993-02-03,16,0
1993-02-04,29,0
1993-02-05,20,0
1993-02-06,13,0
1993-02-07,24,0
1993-02-08,25,0
1993-02-09,16,0
1993-02-10,27,0
1993-02-11,18,0
1993-02-12,19,0
1993-02-13,21,0
1993-02-14,29,0
1993-02-15,20,0
1993-02-16,22,0
1993-02-17,17,0
1993-02-18,21,0
1993-02-19,20,0
1993-02-20,16,0
1993-02-21,17,0
1993-02-22,21,0
1993-02-23,22,0
1993-02-24,18,0
1993-02-25,25,0
1993-02-26,12,0
1993-02-27,8,0
1993-02-28,17,0
1993-03-01,24,0
1993-03-02,23,0
1993-03-03,15,0
1993-03-04,17,0
1993-03-05,19,0
1993-03-06,19,0
1993-03-07,18,0
1993-03-08,25,0
1993-03-09,22,0
1993-03-10,15,0
1993-03-11,26,0
1993-03-12,17,0
1993-03-13,12,0
1993-03-14,18,0
1993-03-15,18,0
1993-03-16,19,0
1993-03-17,15,0
1993-03-18,20,0
1993-03-19,21,0
1993-03-20,16,0
1993-03-21,26,0
1993-03-22,23,0
1993-03-23,24,0
1993-03-24,23,0
1993-03-25,26,0
1993-03-26,17,0
1993-03-27,20,0
1993-03-28,22,0
1993-03-29,15,0
1993-03-30,16,0
1993-03-31,16,0
1993-04-01,18,0
1993-04-02,23,0
1993-04-03,20,0
1993-04-04,19,0
1993-04-05,25,0
1993-04-06,22,0
1993-04-07,22,0
1993-04-08,18,0
1993-04-09,19,0
1993-04-10,21,0
1993-04-11,26,0
1993-04-12,23,0
1993-04-13,12,0
1993-04-14,21,0
1993-04-15,25,0
1993-04-16,19,0
1993-04-17,14,0
1993-04-18,19,0
1993-04-19,24,0
1993-04-20,15,0
1993-04-21,24,0
1993-04-22,18,0
1993-04-23,14,0
1993-04-24,20,0
1993-04-25,15,0
1993-04-26,15,0
1993-04-27,18,0
1993-04-28,17,0
1993-04-29,19,0
1993-04-30,25,0
1993-05-01,18,0
1993-05-02,23,0
1993-05-03,25,0
1993-05-04,23,0
1993-05-05,23,0
1993-05-06,18,0
1993-05-07,22,0
1993-05-08,19,0
1993-05-09,16,0
1993-05-10,19,0
1993-05-11,24,0
1993-05-12,27,0
1993-05-13,22,0
1993-05-14,28,0
1993-05-15,10,0
1993-05-16,29,0
1993-05-17,19,0
1993-05-18,34,0
1993-05-19,18,0
1993-05-20,19,0
1993-05-21,19,0
1993-05-22,20,0
1993-05-23,31,0
1993-05-24,22,0
1993-05-25,30,0
1993-05-26,25,0
1993-05-27,15,0
1993-05-28,27,0
1993-05-29,16,0
1993-05-30,24,0
1993-05-31,25,0
1993-06-01,28,0
1993-06-02,30,0
1993-06-03,25,0
1993-06-04,20,0
1993-06-05,27,0
1993-06-06,22,0
1993-06-07,25,0
1993-06-08,30,0
1993-06-09,19,0
1993-06-10,21,0
1993-06-11,24,0
1993-06-12,14,0
1993-06-13,23,0
1993-06-14,35,0
1993-06-15,18,0
1993-06-16,23,0
1993-06-17,31,0
1993-06-18,24,0
1993-06-19,22,0
1993-06-20,17,0
1993-06-21,20,0
1993-06-22,19,0
1993-06-23,28,0
1993-06-24,29,0
1993-06-25,21,0
1993-06-26,15,0
1993-06-27,22,0
1993-06-28,21,0
1993-06-29,25,0
1993-06-30,16,0
1993-07-01,25,0
1993-07-02,26,0
1993-07-03,18,0
1993-07-04,21,0
1993-07-05,22,0
1993-07-06,21,0
1993-07-07,24,0
1993-07-08,26,0
1993-07-09,18,0
1993-07-10,28,0
1993-07-11,18,0
1993-07-12,33,0
1993-07-13,26,0
1993-07-14,30,0
1993-07-15,28,0
1993-07-16,27,0
1993-07-17,16,0
1993-07-18,29,0
1993-07-19,26,0
1993-07-20,21,0
1993-07-21,24,0
1993-07-22,25,0
1993-07-23,21,0
1993-07-24,21,0
1993-07-25,21,0
1993-07-26,21,0
1993-07-27,29,0
1993-07-28,21,0
1993-07-29,22,0
1993-07-30,18,0
1993-07-31,21,0
1993-08-01,18,0
1993-08-02,24,0
1993-08-03,29,0
1993-08-04,22,0
1993-08-05,27,0
1993-08-06,28,0
1993-08-07,18,0
1993-08-08,22,0
1993-08-09,22,0
1993-08-10,26,0
1993-08-11,25,0
1993-08-12,16,0
1993-08-13,28,0
1993-08-14,22,0
1993-08-15,27,0
1993-08-16,24,0
1993-08-17,36,0
1993-08-18,30,0
1993-08-19,29,0
1993-08-20,21,0
1993-08-21,22,0
1993-08-22,27,0
1993-08-23,24,0
1993-08-24,26,0
1993-08-25,21,0
1993-08-26,30,0
1993-08-27,21,0
1993-08-28,23,0
1993-08-29,24,0
1993-08-30,26,0
1993-08-31,29,0
1993-09-01,31,0
1993-09-02,24,0
1993-09-03,19,0
1993-09-04,30,0
1993-09-05,34,0
1993-09-06,29,0
1993-09-07,22,0
1993-09-08,23,0
1993-09-09,24,0
1993-09-10,28,0
1993-09-11,28,0
1993-09-12,22,0
1993-09-13,28,0
1993-09-14,20,0
1993-09-15,32,0
1993-09-16,34,0
1993-09-17,18,0
1993-09-18,19,0
1993-09-19,17,0
1993-09-20,14,0
1993-09-21,23,0
1993-09-22,31,0
1993-09-23,19,0
1993-09-24,17,0
1993-09-25,23,0
1993-09-26,29,0
1993-09-27,29,0
1993-09-28,29,0
1993-09-29,29,0
1993-09-30,30,0
1993-10-01,23,0
1993-10-02,20,0
1993-10-03,21,0
1993-10-04,26,0
1993-10-05,33,0
1993-10-06,20,0
1993-10-07,33,0
1993-10-08,15,0
1993-10-09,27,0
1993-10-10,20,0
1993-10-11,22,0
1993-10-12,21,0
1993-10-13,19,0
1993-10-14,23,0
1993-10-15,17,0
1993-10-16,23,0
1993-10-17,29,0
1993-10-18,25,0
1993-10-19,28,0
1993-10-20,38,0
1993-10-21,28,0
1993-10-22,21,0
1993-10-23,30,0
1993-10-24,17,0
1993-10-25,37,0
1993-10-26,26,0
1993-10-27,30,0
1993-10-28,23,0
1993-10-29,19,0
1993-10-30,19,0
1993-10-31,20,0
1993-11-01,30,0
1993-11-02,27,0
1993-11-03,23,0
1993-11-04,26,0
1993-11-05,19,0
1993-11-06,27,0
1993-11-07,26,0
1993-11-08,28,0
1993-11-09,30,0
1993-11-10,22,0
1993-11-11,27,0
1993-11-12,21,0
1993-11-13,34,0
1993-11-14,32,0
1993-11-15,27,0
1993-11-16,26,0
1993-11-17,18,0
1993-11-18,40,0
1993-11-19,27,0
1993-11-20,26,0
1993-11-21,28,0
1993-11-22,14,0
1993-11-23,26,0
1993-11-24,21,0
1993-11-25,19,0
1993-11-26,26,0
1993-11-27,29,0
1993-11-28,25,0
1993-11-29,29,0
1993-11-30,29,0
1993-12-01,27,0
1993-12-02,29,0
1993-12-03,28,0
1993-12-04,29,0
1993-12-05,25,0
1993-12-06,15,0
1993-12-07,39,0
1993-12-08,26,0
1993-12-09,26,0
1993-12-10,21,0
1993-12-11,22,0
1993-12-12,19,0
1993-12-13,30,0
1993-12-14,27,0
1993-12-15,25,0
1993-12-16,38,0
1993-12-17,19,0
1993-12-18,30,0
1993-12-19,26,0
1993-12-20,23,0
1993-12-21,34,0
1993-12-22,23,0
1993-12-23,28,0
1993-12-24,24,0
1993-12-25,31,0
1993-12-26,30,0
1993-12-27,25,0
1993-12-28,17,0
1993-12-29,29,0
1993-12-30,37,0
1993-12-31,31,0
1994-01-01,30,0
1994-01-02,27,0
1994-01-03,36,0
1994-01-04,29,0
1994-01-05,28,0
1994-01-06,35,0
1994-01-07,37,0
1994-01-08,27,0
1994-01-09,16,0
1994-01-10,41,0
1994-01-11,27,0
1994-01-12,32,0
1994-01-13,27,0
1994-01-14,18,0
1994-01-15,26,0
1994-01-16,37,0
1994-01-17,22,0
1994-01-18,33,0
1994-01-19,28,0
1994-01-20,28,0
1994-01-21,35,0
1994-01-22,24,0
1994-01-23,16,0
1994-01-24,36,0
1994-01-25,20,0
1994-01-26,25,0
1994-01-27,21,0
1994-01-28,26,0
1994-01-29,26,0
1994-01-30,22,0
1994-01-31,28,0
1994-02-01,45,0
1994-02-02,20,0
1994-02-03,25,0
1994-02-04,24,0
1994-02-05,19,0
1994-02-06,27,0
1994-02-07,29,0
1994-02-08,28,0
1994-02-09,26,0
1994-02-10,21,0
1994-02-11,28,0
1994-02-12,22,0
1994-02-13,27,0
1994-02-14,28,0
1994-02-15,26,0
1994-02-16,36,0
1994-02-17,24,0
1994-02-18,29,0
1994-02-19,23,0
1994-02-20,23,0
1994-02-21,19,0
1994-02-22,28,0
1994-02-23,27,0
1994-02-24,33,0
1994-02-25,20,0
1994-02-26,25,0
1994-02-27,28,0
1994-02-28,26,0
1994-03-01,19,0
1994-03-02,33,0
1994-03-03,27,0
1994-03-04,26,0
1994-03-05,28,0
1994-03-06,19,0
1994-03-07,27,0
1994-03-08,30,0
1994-03-09,32,0
1994-03-10,26,0
1994-03-11,41,0
1994-03-12,27,0
1994-03-13,28,0
1994-03-14,26,0
1994-03-15,25,0
1994-03-16,33,0
1994-03-17,32,0
1994-03-18,34,0
1994-03-19,29,0
1994-03-20,30,0
1994-03-21,39,0
1994-03-22,22,0
1994-03-23,19,0
1994-03-24,19,0
1994-03-25,28,0
1994-03-26,25,0
1994-03-27,32,0
1994-03-28,28,0
1994-03-29,30,0
1994-03-30,31,0
1994-03-31,20,0
1994-04-01,36,0
1994-04-02,30,0
1994-04-03,39,0
1994-04-04,42,0
1994-04-05,49,0
1994-04-06,39,0
1994-04-07,45,0
1994-04-08,38,0
1994-04-09,32,0
1994-04-10,44,0
1994-04-11,23,0
1994-04-12,49,0
1994-04-13,32,0
1994-04-14,30,0
1994-04-15,32,0
1994-04-16,31,0
1994-04-17,41,0
1994-04-18,34,0
1994-04-19,52,0
1994-04-20,39,0
1994-04-21,39,0
1994-04-22,39,0
1994-04-23,48,0
1994-04-24,45,0
1994-04-25,38,0
1994-04-26,38,0
1994-04-27,42,0
1994-04-28,36,0
1994-04-29,49,0
1994-04-30,49,0
1994-05-01,40,0
1994-05-02,39,0
1994-05-03,32,0
1994-05-04,37,0
1994-05-05,34,0
1994-05-06,46,0
1994-05-07,38,0
1994-05-08,44,0
1994-05-09,37,0
1994-05-10,32,0
1994-05-11,41,0
1994-05-12,38,0
1994-05-13,39,0
1994-05-14,38,0
1994-05-15,41,0
1994-05-16,39,0
1994-05-17,39,0
1994-05-18,38,0
1994-05-19,33,0
1994-05-20,46,0
1994-05-21,37,0
1994-05-22,33,0
1994-05-23,50,0
1994-05-24,45,0
1994-05-25,43,0
1994-05-26,44,0
1994-05-27,42,0
1994-05-28,27,0
1994-05-29,37,0
1994-05-30,39,0
1994-05-31,32,0
1994-06-01,29,0
1994-06-02,52,0
1994-06-03,46,0
1994-06-04,44,0
1994-06-05,46,0
1994-06-06,39,0
1994-06-07,40,0
1994-06-08,25,0
1994-06-09,34,0
1994-06-10,61,0
1994-06-11,42,0
1994-06-12,40,0
1994-06-13,36,0
1994-06-14,47,0
1994-06-15,36,0
1994-06-16,41,0
1994-06-17,40,0
1994-06-18,35,0
1994-06-19,29,0
1994-06-20,45,0
1994-06-21,47,0
1994-06-22,38,0
1994-06-23,36,0
1994-06-24,31,0
1994-06-25,37,0
1994-06-26,31,0
1994-06-27,42,0
1994-06-28,34,0
1994-06-29,37,0
1994-06-30,47,0
1994-07-01,41,0
1994-07-02,35,0
1994-07-03,34,0
1994-07-04,38,0
1994-07-05,34,0
1994-07-06,29,0
1994-07-07,45,0
1994-07-08,53,0
1994-07-09,32,0
1994-07-10,42,0
1994-07-11,47,0
1994-07-12,44,0
1994-07-13,48,0
1994-07-14,32,0
1994-07-15,39,0
1994-07-16,34,0
1994-07-17,45,0
1994-07-18,51,0
1994-07-19,37,0
1994-07-20,38,0
1994-07-21,44,0
1994-07-22,36,0
1994-07-23,31,0
1994-07-24,32,0
1994-07-25,27,0
1994-07-26,37,0
1994-07-27,35,0
1994-07-28,33,0
1994-07-29,38,0
1994-07-30,32,0
1994-07-31,39,0
1994-08-01,57,0
1994-08-02,32,0
1994-08-03,53,0
1994-08-04,42,0
1994-08-05,39,0
1994-08-06,43,0
1994-08-07,43,0
1994-08-08,41,0
1994-08-09,42,0
1994-08-10,37,0
1994-08-11,49,0
1994-08-12,39,0
1994-08-13,37,0
1994-08-14,49,0
1994-08-15,45,0
1994-08-16,55,0
1994-08-17,42,0
1994-08-18,45,0
1994-08-19,43,0
1994-08-20,56,0
1994-08-21,50,0
1994-08-22,46,0
1994-08-23,43,0
1994-08-24,46,0
1994-08-25,37,0
1994-08-26,46,0
1994-08-27,36,0
1994-08-28,38,0
1994-08-29,46,0
1994-08-30,51,0
1994-08-31,39,0
1994-09-01,45,0
1994-09-02,35,0
1994-09-03,53,0
1994-09-04,40,0
1994-09-05,36,0
1994-09-06,57,0
1994-09-07,50,0
1994-09-08,40,0
1994-09-09,43,0
1994-09-10,42,0
1994-09-11,45,0
1994-09-12,41,0
1994-09-13,45,0
1994-09-14,51,0
1994-09-15,41,0
1994-09-16,38,0
1994-09-17,57,0
1994-09-18,49,0
1994-09-19,51,0
1994-09-20,37,0
1994-09-21,55,0
1994-09-22,49,0
1994-09-23,38,0
1994-09-24,52,0
1994-09-25,61,0
1994-09-26,53,0
1994-09-27,37,0
1994-09-28,46,0
1994-09-29,62,0
1994-09-30,47,0
1994-10-01,38,0
1994-10-02,47,0
1994-10-03,40,0
1994-10-04,48,0
1994-10-05,47,0
1994-10-06,58,0
1994-10-07,44,0
1994-10-08,37,0
1994-10-09,53,0
1994-10-10,54,0
1994-10-11,48,0
1994-10-12,37,0
1994-10-13,41,0
1994-10-14,35,0
1994-10-15,38,0
1994-10-16,45,0
1994-10-17,43,0
1994-10-18,50,0
1994-10-19,41,0
1994-10-20,36,0
1994-10-21,51,0
1994-10-22,30,0
1994-10-23,54,0
1994-10-24,45,0
1994-10-25,42,0
1994-10-26,38,0
1994-10-27,39,0
1994-10-28,58,0
1994-10-29,43,0
1994-10-30,38,0
1994-10-31,40,0
1994-11-01,59,0
1994-11-02,41,0
1994-11-03,43,0
1994-11-04,41,0
1994-11-05,41,0
1994-11-06,42,0
1994-11-07,48,0
1994-11-08,42,0
1994-11-09,49,0
1994-11-10,50,0
1994-11-11,61,0
1994-11-12,38,0
1994-11-13,55,0
1994-11-14,53,0
1994-11-15,41,0
1994-11-16,56,0
1994-11-17,49,0
1994-11-18,46,0
1994-11-19,37,0
1994-11-20,36,0
1994-11-21,54,0
1994-11-22,51,0
1994-11-23,43,0
1994-11-24,43,0
1994-11-25,48,0
1994-11-26,60,0
1994-11-27,48,0
1994-11-28,60,0
1994-11-29,55,0
1994-11-30,39,0
1994-12-01,40,0
1994-12-02,56,0
1994-12-03,59,0
1994-12-04,53,0
1994-12-05,67,0
1994-12-06,43,0
1994-12-07,52,0
1994-12-08,49,0
1994-12-09,43,0
1994-12-10,45,0
1994-12-11,51,0
1994-12-12,39,0
1994-12-13,49,0
1994-12-14,51,0
1994-12-15,50,0
1994-12-16,50,0
1994-12-17,58,0
1994-12-18,61,0
1994-12-19,46,0
1994-12-20,50,0
1994-12-21,50,0
1994-12-22,44,0
1994-12-23,46,0
1994-12-24,44,0
1994-12-25,43,0
1994-12-26,51,0
1994-12-27,51,0
1994-12-28,46,0
1994-12-29,63,0
1994-12-30,64,0
1994-12-31,39,0
1995-01-01,58,0
1995-01-02,38,0
1995-01-03,62,0
1995-01-04,57,0
1995-01-05,49,0
1995-01-06,62,0
1995-01-07,45,0
1995-01-08,47,0
1995-01-09,67,0
1995-01-10,49,0
1995-01-11,52,0
1995-01-12,79,0
1995-01-13,63,0
1995-01-14,48,0
1995-01-15,49,0
1995-01-16,49,0
1995-01-17,43,0
1995-01-18,53,0
1995-01-19,49,0
1995-01-20,44,0
1995-01-21,50,0
1995-01-22,46,0
1995-01-23,46,0
1995-01-24,59,0
1995-01-25,48,0
1995-01-26,49,0
1995-01-27,53,0
1995-01-28,45,0
1995-01-29,53,0
1995-01-30,38,0
1995-01-31,74,0
1995-02-01,62,0
1995-02-02,66,0
1995-02-03,81,0
1995-02-04,48,0
1995-02-05,50,0
1995-02-06,57,0
1995-02-07,57,0
1995-02-08,46,0
1995-02-09,59,0
1995-02-10,57,0
1995-02-11,72,0
1995-02-12,59,0
1995-02-13,58,0
1995-02-14,49,0
1995-02-15,65,0
1995-02-16,45,0
1995-02-17,61,0
1995-02-18,62,0
1995-02-19,44,0
1995-02-20,55,0
1995-02-21,53,0
1995-02-22,62,0
1995-02-23,49,0
1995-02-24,78,0
1995-02-25,54,0
1995-02-26,46,0
1995-02-27,63,0
1995-02-28,63,0
1995-03-01,53,0
1995-03-02,54,0
1995-03-03,65,0
1995-03-04,57,0
1995-03-05,55,0
1995-03-06,55,0
1995-03-07,56,0
1995-03-08,67,0
1995-03-09,49,0
1995-03-10,50,0
1995-03-11,49,0
1995-03-12,57,0
1995-03-13,53,0
1995-03-14,58,0
1995-03-15,64,0
1995-03-16,52,0
1995-03-17,48,0
1995-03-18,60,0
1995-03-19,51,0
1995-03-20,59,0
1995-03-21,54,0
1995-03-22,58,0
1995-03-23,53,0
1995-03-24,53,0
1995-03-25,62,0
1995-03-26,48,0
1995-03-27,43,0
1995-03-28,64,0
1995-03-29,42,0
1995-03-30,54,0
1995-03-31,57,0
1995-04-01,66,0
1995-04-02,64,0
1995-04-03,57,0
1995-04-04,55,0
1995-04-05,63,0
1995-04-06,65,0
1995-04-07,44,0
1995-04-08,62,0
1995-04-09,57,0
1995-04-10,58,0
1995-04-11,46,0
1995-04-12,59,0
1995-04-13,62,0
1995-04-14,46,0
1995-04-15,64,0
1995-04-16,53,0
1995-04-17,53,0
1995-04-18,61,0
1995-04-19,62,0
1995-04-20,43,0
1995-04-21,67,0
1995-04-22,57,0
1995-04-23,58,0
1995-04-24,50,0
1995-04-25,35,0
1995-04-26,61,0
1995-04-27,40,0
1995-04-28,51,0
1995-04-29,73,0
1995-04-30,62,0
1995-05-01,63,0
1995-05-02,64,0
1995-05-03,49,0
1995-05-04,48,0
1995-05-05,48,0
1995-05-06,56,0
1995-05-07,47,0
1995-05-08,52,0
1995-05-09,45,0
1995-05-10,57,0
1995-05-11,61,0
1995-05-12,51,0
1995-05-13,69,0
1995-05-14,58,0
1995-05-15,67,0
1995-05-16,54,0
1995-05-17,50,0
1995-05-18,55,0
1995-05-19,51,0
1995-05-20,57,0
1995-05-21,45,0
1995-05-22,59,0
1995-05-23,55,0
1995-05-24,48,0
1995-05-25,63,0
1995-05-26,59,0
1995-05-27,62,0
1995-05-28,43,0
1995-05-29,45,0
1995-05-30,49,0
1995-05-31,60,0
1995-06-01,51,0
1995-06-02,54,0
1995-06-03,54,0
1995-06-04,38,0
1995-06-05,60,0
1995-06-06,69,0
1995-06-07,65,0
1995-06-08,56,0
1995-06-09,56,0
1995-06-10,57,0
1995-06-11,46,0
1995-06-12,68,0
1995-06-13,51,0
1995-06-14,41,0
1995-06-15,47,0
1995-06-16,52,0
1995-06-17,52,0
1995-06-18,42,0
1995-06-19,58,0
1995-06-20,57,0
1995-06-21,51,0
1995-06-22,71,0
1995-06-23,47,0
1995-06-24,62,0
1995-06-25,68,0
1995-06-26,41,0
1995-06-27,48,0
1995-06-28,54,0
1995-06-29,61,0
1995-06-30,45,0
1995-07-01,49,0
1995-07-02,50,0
1995-07-03,40,0
1995-07-04,45,0
1995-07-05,44,0
1995-07-06,51,0
1995-07-07,54,0
1995-07-08,59,0
1995-07-09,52,0
1995-07-10,46,0
1995-07-11,56,0
1995-07-12,53,0
1995-07-13,53,0
1995-07-14,59,0
1995-07-15,62,0
1995-07-16,57,0
1995-07-17,55,0
1995-07-18,56,0
1995-07-19,62,0
1995-07-20,59,0
1995-07-21,68,0
1995-07-22,48,0
1995-07-23,66,0
1995-07-24,58,0
1995-07-25,64,0
1995-07-26,61,0
1995-07-27,61,0
1995-07-28,56,0
1995-07-29,53,0
1995-07-30,60,0
1995-07-31,59,0
1995-08-01,52,0
1995-08-02,60,0
1995-08-03,58,0
1995-08-04,56,0
1995-08-05,59,0
1995-08-06,57,0
1995-08-07,71,0
1995-08-08,71,0
1995-08-09,49,0
1995-08-10,47,0
1995-08-11,70,0
1995-08-12,70,0
1995-08-13,43,0
1995-08-14,60,0
1995-08-15,62,0
1995-08-16,58,0
1995-08-17,62,0
1995-08-18,62,0
1995-08-19,58,0
1995-08-20,55,0
1995-08-21,71,0
1995-08-22,61,0
1995-08-23,59,0
1995-08-24,63,0
1995-08-25,61,0
1995-08-26,56,0
1995-08-27,62,0
1995-08-28,47,0
1995-08-29,52,0
1995-08-30,70,0
1995-08-31,49,0
1995-09-01,58,0
1995-09-02,65,0
1995-09-03,58,0
1995-09-04,63,0
1995-09-05,65,0
1995-09-06,54,0
1995-09-07,59,0
1995-09-08,58,0
1995-09-09,54,0
1995-09-10,67,0
1995-09-11,62,0
1995-09-12,61,0
1995-09-13,72,0
1995-09-14,52,0
1995-09-15,53,0
1995-09-16,59,0
1995-09-17,59,0
1995-09-18,53,0
1995-09-19,67,0
1995-09-20,64,0
1995-09-21,53,0
1995-09-22,54,0
1995-09-23,69,0
1995-09-24,42,0
1995-09-25,55,0
1995-09-26,47,0
1995-09-27,68,0
1995-09-28,62,0
1995-09-29,54,0
1995-09-30,50,0
1995-10-01,61,0
1995-10-02,60,0
1995-10-03,56,0
1995-10-04,56,0
1995-10-05,64,0
1995-10-06,67,0
1995-10-07,55,0
1995-10-08,55,0
1995-10-09,45,0
1995-10-10,54,0
1995-10-11,55,0
1995-10-12,75,0
1995-10-13,66,0
1995-10-14,62,0
1995-10-15,59,0
1995-10-16,56,0
1995-10-17,61,0
1995-10-18,53,0
1995-10-19,67,0
1995-10-20,71,0
1995-10-21,54,0
1995-10-22,36,0
1995-10-23,47,0
1995-10-24,48,0
1995-10-25,55,0
1995-10-26,53,0
1995-10-27,61,0
1995-10-28,62,0
1995-10-29,63,0
1995-10-30,47,0
1995-10-31,49,0
1995-11-01,63,0
1995-11-02,60,0
1995-11-03,80,0
1995-11-04,66,0
1995-11-05,58,0
1995-11-06,71,0
1995-11-07,73,0
1995-11-08,73,0
1995-11-09,78,0
1995-11-10,62,0
1995-11-11,60,0
1995-11-12,48,0
1995-11-13,66,0
1995-11-14,52,0
1995-11-15,65,0
1995-11-16,63,0
1995-11-17,74,0
1995-11-18,61,0
1995-11-19,61,0
1995-11-20,58,0
1995-11-21,70,0
1995-11-22,55,0
1995-11-23,62,0
1995-11-24,66,0
1995-11-25,78,0
1995-11-26,62,0
1995-11-27,61,0
1995-11-28,54,0
1995-11-29,62,0
1995-11-30,56,0
1995-12-01,61,0
1995-12-02,72,0
1995-12-03,51,0
1995-12-04,71,0
1995-12-05,66,0
1995-12-06,56,0
1995-12-07,57,0
1995-12-08,84,0
1995-12-09,54,0
1995-12-10,43,0
1995-12-11,69,0
1995-12-12,68,0
1995-12-13,70,0
1995-12-14,57,0
1995-12-15,71,0
1995-12-16,68,0
1995-12-17,60,0
1995-12-18,63,0
1995-12-19,56,0
1995-12-20,56,0
1995-12-21,56,0
1995-12-22,58,0
1995-12-23,78,0
1995-12-24,54,0
1995-12-25,64,0
1995-12-26,63,0
1995-12-27,66,0
1995-12-28,63,0
1995-12-29,70,0
1995-12-30,89,0
1995-12-31,68,0
1996-01-01,63,0
1996-01-02,73,0
1996-01-03,66,0
1996-01-04,62,0
1996-01-05,71,0
1996-01-06,64,0
1996-01-07,55,0
1996-01-08,59,0
1996-01-09,57,0
1996-01-10,59,0
1996-01-11,57,0
1996-01-12,68,0
1996-01-13,71,0
1996-01-14,75,0
1996-01-15,70,0
1996-01-16,43,0
1996-01-17,63,0
1996-01-18,71,0
1996-01-19,59,0
1996-01-20,56,0
1996-01-21,47,0
1996-01-22,44,0
1996-01-23,57,0
1996-01-24,59,0
1996-01-25,65,0
1996-01-26,60,0
1996-01-27,54,0
1996-01-28,66,0
1996-01-29,64,0
1996-01-30,54,0
1996-01-31,65,0
1996-02-01,68,0
1996-02-02,60,0
1996-02-03,79,0
1996-02-04,65,0
1996-02-05,66,0
1996-02-06,73,0
1996-02-07,77,0
1996-02-08,72,0
1996-02-09,65,0
1996-02-10,79,0
1996-02-11,58,0
1996-02-12,59,0
1996-02-13,79,0
1996-02-14,80,0
1996-02-15,68,0
1996-02-16,76,0
1996-02-17,89,0
1996-02-18,69,0
1996-02-19,60,0
1996-02-20,57,0
1996-02-21,59,0
1996-02-22,82,0
1996-02-23,82,0
1996-02-24,69,0
1996-02-25,52,0
1996-02-26,48,0
1996-02-27,78,0
1996-02-28,72,0
1996-03-01,75,0
1996-03-02,75,0
1996-03-03,89,0
1996-03-04,70,0
1996-03-05,65,0
1996-03-06,72,0
1996-03-07,83,0
1996-03-08,53,0
1996-03-09,77,0
1996-03-10,81,0
1996-03-11,66,0
1996-03-12,63,0
1996-03-13,68,0
1996-03-14,41,0
1996-03-15,72,0
1996-03-16,64,0
1996-03-17,63,0
1996-03-18,61,0
1996-03-19,61,0
1996-03-20,74,0
1996-03-21,76,0
1996-03-22,67,0
1996-03-23,74,0
1996-03-24,69,0
1996-03-25,80,0
1996-03-26,86,0
1996-03-27,63,0
1996-03-28,92,0
1996-03-29,71,0
1996-03-30,67,0
1996-03-31,88,0
1996-04-01,61,0
1996-04-02,64,0
1996-04-03,81,0
1996-04-04,52,0
1996-04-05,86,0
1996-04-06,66,0
1996-04-07,72,0
1996-04-08,66,0
1996-04-09,64,0
1996-04-10,65,0
1996-04-11,78,0
1996-04-12,60,0
1996-04-13,73,0
1996-04-14,66,0
1996-04-15,63,0
1996-04-16,82,0
1996-04-17,61,0
1996-04-18,73,0
1996-04-19,77,0
1996-04-20,83,0
1996-04-21,69,0
1996-04-22,65,0
1996-04-23,96,0
1996-04-24,76,0
1996-04-25,79,0
1996-04-26,62,0
1996-04-27,60,0
1996-04-28,62,0
1996-04-29,74,0
1996-04-30,47,0
1996-05-01,88,0
1996-05-02,66,0
1996-05-03,77,0
1996-05-04,76,0
1996-05-05,78,0
1996-05-06,79,0
1996-05-07,83,0
1996-05-08,58,0
1996-05-09,90,0
1996-05-10,81,0
1996-05-11,74,0
1996-05-12,85,0
1996-05-13,81,0
1996-05-14,65,0
1996-05-15,69,0
1996-05-16,69,0
1996-05-17,93,0
1996-05-18,92,0
1996-05-19,71,0
1996-05-20,67,0
1996-05-21,78,0
1996-05-22,75,0
1996-05-23,78,0
1996-05-24,75,0
1996-05-25,75,0
1996-05-26,88,0
1996-05-27,70,0
1996-05-28,89,0
1996-05-29,92,0
1996-05-30,93,0
1996-05-31,72,0
1996-06-01,87,0
1996-06-02,89,0
1996-06-03,83,0
1996-06-04,73,0
1996-06-05,85,0
1996-06-06,65,0
1996-06-07,90,0
1996-06-08,83,0
1996-06-09,79,0
1996-06-10,87,0
1996-06-11,90,0
1996-06-12,87,0
1996-06-13,68,0
1996-06-14,81,0
1996-06-15,90,0
1996-06-16,79,0
1996-06-17,82,0
1996-06-18,84,0
1996-06-19,81,0
1996-06-20,84,0
1996-06-21,84,0
1996-06-22,115,0
1996-06-23,88,0
1996-06-24,87,0
1996-06-25,82,0
1996-06-26,73,0
1996-06-27,72,0
1996-06-28,73,0
1996-06-29,76,0
1996-06-30,77,0
1996-07-01,88,0
1996-07-02,85,0
1996-07-03,71,0
1996-07-04,97,0
1996-07-05,91,2
1996-07-06,64,0
1996-07-07,93,6
1996-07-08,83,1
1996-07-09,76,0
1996-07-10,73,0
1996-07-11,96,0
1996-07-12,83,0
1996-07-13,95,0
1996-07-14,83,0
1996-07-15,83,1
1996-07-16,92,0
1996-07-17,88,0
1996-07-18,94,0
1996-07-19,86,0
1996-07-20,87,0
1996-07-21,85,0
1996-07-22,88,0
1996-07-23,70,0
1996-07-24,77,0
1996-07-25,89,0
1996-07-26,78,0
1996-07-27,73,0
1996-07-28,92,0
1996-07-29,80,0
1996-07-30,57,0
1996-07-31,90,0
1996-08-01,75,0
1996-08-02,83,0
1996-08-03,87,0
1996-08-04,99,0
1996-08-05,76,0
1996-08-06,118,0
1996-08-07,98,0
1996-08-08,89,0
1996-08-09,100,0
1996-08-10,76,0
1996-08-11,81,0
1996-08-12,89,0
1996-08-13,82,0
1996-08-14,84,0
1996-08-15,90,0
1996-08-16,84,0
1996-08-17,85,0
1996-08-18,91,0
1996-08-19,66,0
1996-08-20,90,0
1996-08-21,87,0
1996-08-22,90,0
1996-08-23,101,0
1996-08-24,92,0
1996-08-25,102,0
1996-08-26,76,0
1996-08-27,87,0
1996-08-28,86,0
1996-08-29,93,0
1996-08-30,93,0
1996-08-31,70,0
1996-09-01,94,0
1996-09-02,81,0
1996-09-03,86,0
1996-09-04,80,0
1996-09-05,95,0
1996-09-06,91,0
1996-09-07,77,0
1996-09-08,96,0
1996-09-09,92,0
1996-09-10,104,0
1996-09-11,74,0
1996-09-12,77,0
1996-09-13,89,0
1996-09-14,95,0
1996-09-15,85,0
1996-09-16,84,0
1996-09-17,79,0
1996-09-18,91,0
1996-09-19,95,0
1996-09-20,103,0
1996-09-21,94,0
1996-09-22,78,0
1996-09-23,74,0
1996-09-24,75,0
1996-09-25,100,0
1996-09-26,98,0
1996-09-27,89,0
1996-09-28,87,0
1996-09-29,67,0
1996-09-30,94,0
1996-10-01,104,0
1996-10-02,100,0
1996-10-03,101,0
1996-10-04,100,0
1996-10-05,79,0
1996-10-06,106,0
1996-10-07,91,0
1996-10-08,82,0
1996-10-09,97,0
1996-10-10,113,0
1996-10-11,88,0
1996-10-12,83,0
1996-10-13,95,0
1996-10-14,95,0
1996-10-15,97,0
1996-10-16,99,0
1996-10-17,109,0
1996-10-18,88,0
1996-10-19,107,0
1996-10-20,103,0
1996-10-21,102,0
1996-10-22,71,0
1996-10-23,79,0
1996-10-24,102,0
1996-10-25,105,0
1996-10-26,96,0
1996-10-27,85,0
1996-10-28,104,0
1996-10-29,100,0
1996-10-30,95,0
1996-10-31,101,0
1996-11-01,87,0
1996-11-02,95,0
1996-11-03,103,0
1996-11-04,105,0
1996-11-05,85,0
1996-11-06,81,0
1996-11-07,93,0
1996-11-08,96,0
1996-11-09,91,0
1996-11-10,96,0
1996-11-11,106,0
1996-11-12,90,0
1996-11-13,98,0
1996-11-14,91,0
1996-11-15,111,0
1996-11-16,88,0
1996-11-17,97,0
1996-11-18,94,0
1996-11-19,92,0
1996-11-20,88,0
1996-11-21,92,0
1996-11-22,97,0
1996-11-23,91,0
1996-11-24,111,0
1996-11-25,99,0
1996-11-26,92,0
1996-11-27,86,0
1996-11-28,97,0
1996-11-29,83,0
1996-11-30,87,0
1996-12-01,109,0
1996-12-02,92,0
1996-12-03,108,0
1996-12-04,107,0
1996-12-05,103,0
1996-12-06,78,0
1996-12-07,98,0
1996-12-08,100,0
1996-12-09,87,0
1996-12-10,86,0
1996-12-11,113,0
1996-12-12,93,0
1996-12-13,105,0
1996-12-14,112,0
1996-12-15,97,0
1996-12-16,78,0
1996-12-17,116,0
1996-12-18,115,0
1996-12-19,97,0
1996-12-20,115,0
1996-12-21,113,0
1996-12-22,120,0
1996-12-23,113,0
1996-12-24,95,0
1996-12-25,106,0
1996-12-26,102,0
1996-12-27,95,0
1996-12-28,100,0
1996-12-29,118,0
1996-12-30,102,0
1996-12-31,114,0
1997-01-01,130,0
1997-01-02,116,0
1997-01-03,115,0
1997-01-04,95,0
1997-01-05,106,0
1997-01-06,116,0
1997-01-07,85,0
1997-01-08,118,0
1997-01-09,113,0
1997-01-10,104,0
1997-01-11,108,0
1997-01-12,117,0
1997-01-13,116,0
1997-01-14,104,0
1997-01-15,86,0
1997-01-16,105,0
1997-01-17,103,0
1997-01-18,96,0
1997-01-19,119,0
1997-01-20,117,0
1997-01-21,117,0
1997-01-22,110,0
1997-01-23,110,0
1997-01-24,112,0
1997-01-25,121,0
1997-01-26,104,0
1997-01-27,107,0
1997-01-28,94,0
1997-01-29,112,0
1997-01-30,103,0
1997-01-31,121,0
1997-02-01,112,0
1997-02-02,118,0
1997-02-03,119,0
1997-02-04,122,0
1997-02-05,92,0
1997-02-06,109,0
1997-02-07,123,0
1997-02-08,109,0
1997-02-09,117,0
1997-02-10,115,0
1997-02-11,119,0
1997-02-12,100,0
1997-02-13,111,0
1997-02-14,110,0
1997-02-15,105,0
1997-02-16,107,0
1997-02-17,94,0
1997-02-18,114,0
1997-02-19,112,0
1997-02-20,115,0
1997-02-21,120,0
1997-02-22,100,0
1997-02-23,98,0
1997-02-24,115,0
1997-02-25,113,0
1997-02-26,97,0
1997-02-27,103,0
1997-02-28,101,0
1997-03-01,122,0
1997-03-02,120,0
1997-03-03,130,0
1997-03-04,111,0
1997-03-05,126,0
1997-03-06,130,0
1997-03-07,119,0
1997-03-08,109,0
1997-03-09,129,0
1997-03-10,135,0
1997-03-11,142,0
1997-03-12,93,0
1997-03-13,129,0
1997-03-14,116,1
1997-03-15,124,0
1997-03-16,129,0
1997-03-17,148,1
1997-03-18,127,1
1997-03-19,107,0
1997-03-20,137,0
1997-03-21,124,0
1997-03-22,128,0
1997-03-23,127,0
1997-03-24,138,4
1997-03-25,142,0
1997-03-26,112,0
1997-03-27,110,0
1997-03-28,143,0
1997-03-29,125,0
1997-03-30,131,0
1997-03-31,135,1
1997-04-01,115,0
1997-04-02,125,0
1997-04-03,126,0
1997-04-04,132,0
1997-04-05,125,0
1997-04-06,112,0
1997-04-07,129,0
1997-04-08,150,0
1997-04-09,125,0
1997-04-10,97,0
1997-04-11,121,0
1997-04-12,119,0
1997-04-13,96,0
1997-04-14,110,0
1997-04-15,131,0
1997-04-16,123,0
1997-04-17,121,0
1997-04-18,121,0
1997-04-19,118,0
1997-04-20,99,0
1997-04-21,115,0
1997-04-22,133,0
1997-04-23,117,0
1997-04-24,125,0
1997-04-25,162,0
1997-04-26,166,0
1997-04-27,123,0
1997-04-28,114,0
1997-04-29,129,0
1997-04-30,114,0
1997-05-01,129,0
1997-05-02,153,0
1997-05-03,162,0
1997-05-04,145,0
1997-05-05,154,0
1997-05-06,144,0
1997-05-07,135,0
1997-05-08,128,0
1997-05-09,134,0
1997-05-10,143,0
1997-05-11,137,0
1997-05-12,135,0
1997-05-13,128,0
1997-05-14,119,0
1997-05-15,136,0
1997-05-16,138,0
1997-05-17,164,0
1997-05-18,139,0
1997-05-19,150,0
1997-05-20,127,0
1997-05-21,97,0
1997-05-22,107,0
1997-05-23,161,0
1997-05-24,151,0
1997-05-25,135,0
1997-05-26,145,0
1997-05-27,150,0
1997-05-28,141,0
1997-05-29,130,0
1997-05-30,124,0
1997-05-31,148,0
1997-06-01,144,0
1997-06-02,152,3
1997-06-03,163,1
1997-06-04,152,0
1997-06-05,120,0
1997-06-06,138,0
1997-06-07,164,0
1997-06-08,142,0
1997-06-09,125,0
1997-06-10,140,0
1997-06-11,118,0
1997-06-12,110,0
1997-06-13,152,0
1997-06-14,112,0
1997-06-15,141,0
1997-06-16,145,0
1997-06-17,153,1
1997-06-18,123,0
1997-06-19,136,0
1997-06-20,143,0
1997-06-21,140,0
1997-06-22,146,0
1997-06-23,123,0
1997-06-24,144,2
1997-06-25,110,0
1997-06-26,130,0
1997-06-27,120,0
1997-06-28,151,0
1997-06-29,133,0
1997-06-30,138,0
1997-07-01,131,0
1997-07-02,119,0
1997-07-03,120,0
1997-07-04,157,2
1997-07-05,158,0
1997-07-06,140,0
1997-07-07,127,2
1997-07-08,139,0
1997-07-09,140,0
1997-07-10,137,0
1997-07-11,162,0
1997-07-12,137,0
1997-07-13,134,0
1997-07-14,141,0
1997-07-15,180,0
1997-07-16,131,0
1997-07-17,135,0
1997-07-18,107,0
1997-07-19,148,0
1997-07-20,155,0
1997-07-21,149,2
1997-07-22,169,0
1997-07-23,139,0
1997-07-24,123,0
1997-07-25,149,2
1997-07-26,142,0
1997-07-27,132,0
1997-07-28,138,1
1997-07-29,155,0
1997-07-30,138,0
1997-07-31,147,0
1997-08-01,157,0
1997-08-02,143,0
1997-08-03,170,0
1997-08-04,136,0
1997-08-05,139,0
1997-08-06,130,0
1997-08-07,151,0
1997-08-08,153,0
1997-08-09,152,0
1997-08-10,141,0
1997-08-11,146,0
1997-08-12,146,0
1997-08-13,139,0
1997-08-14,147,0
1997-08-15,147,0
1997-08-16,150,0
1997-08-17,160,0
1997-08-18,154,0
1997-08-19,137,0
1997-08-20,135,0
1997-08-21,120,0
1997-08-22,153,0
1997-08-23,161,0
1997-08-24,160,0
1997-08-25,136,0
1997-08-26,140,0
1997-08-27,110,0
1997-08-28,123,0
1997-08-29,155,0
1997-08-30,141,0
1997-08-31,130,0
1997-09-01,160,0
1997-09-02,159,0
1997-09-03,127,0
1997-09-04,126,0
1997-09-05,136,0
1997-09-06,140,0
1997-09-07,134,0
1997-09-08,148,0
1997-09-09,132,0
1997-09-10,112,0
1997-09-11,121,0
1997-09-12,128,0
1997-09-13,132,0
1997-09-14,143,0
1997-09-15,129,0
1997-09-16,134,0
1997-09-17,132,0
1997-09-18,119,0
1997-09-19,123,0
1997-09-20,128,0
1997-09-21,144,0
1997-09-22,139,0
1997-09-23,139,0
1997-09-24,133,0
1997-09-25,151,0
1997-09-26,147,0
1997-09-27,157,0
1997-09-28,149,0
1997-09-29,164,4
1997-09-30,150,0
1997-10-01,144,0
1997-10-02,140,0
1997-10-03,149,0
1997-10-04,148,0
1997-10-05,154,0
1997-10-06,158,0
1997-10-07,155,0
1997-10-08,134,0
1997-10-09,147,0
1997-10-10,140,0
1997-10-11,181,0
1997-10-12,151,0
1997-10-13,164,0
1997-10-14,151,0
1997-10-15,148,0
1997-10-16,130,0
1997-10-17,160,0
1997-10-18,158,0
1997-10-19,153,0
1997-10-20,146,0
1997-10-21,163,0
1997-10-22,152,0
1997-10-23,146,0
1997-10-24,149,0
1997-10-25,162,0
1997-10-26,158,0
1997-10-27,149,0
1997-10-28,161,0
1997-10-29,139,0
1997-10-30,139,0
1997-10-31,164,0
1997-11-01,153,0
1997-11-02,155,0
1997-11-03,153,0
1997-11-04,151,0
1997-11-05,145,0
1997-11-06,152,0
1997-11-07,138,0
1997-11-08,141,0
1997-11-09,148,0
1997-11-10,172,1
1997-11-11,175,1
1997-11-12,130,0
1997-11-13,118,0
1997-11-14,170,1
1997-11-15,158,0
1997-11-16,172,0
1997-11-17,168,0
1997-11-18,157,1
1997-11-19,133,0
1997-11-20,142,0
1997-11-21,148,0
1997-11-22,165,0
1997-11-23,138,0
1997-11-24,169,0
1997-11-25,194,0
1997-11-26,151,0
1997-11-27,165,0
1997-11-28,158,0
1997-11-29,162,0
1997-11-30,150,0
1997-12-01,153,0
1997-12-02,158,0
1997-12-03,161,0
1997-12-04,145,0
1997-12-05,142,0
1997-12-06,173,0
1997-12-07,155,0
1997-12-08,162,0
1997-12-09,181,0
1997-12-10,144,0
1997-12-11,159,0
1997-12-12,181,0
1997-12-13,165,0
1997-12-14,161,0
1997-12-15,189,0
1997-12-16,156,0
1997-12-17,136,0
1997-12-18,164,0
1997-12-19,188,0
1997-12-20,191,0
1997-12-21,173,0
1997-12-22,152,0
1997-12-23,169,0
1997-12-24,154,0
1997-12-25,143,0
1997-12-26,176,0
1997-12-27,164,0
1997-12-28,144,0
1997-12-29,170,0
1997-12-30,163,0
1997-12-31,142,0
1998-01-01,149,0
1998-01-02,176,0
1998-01-03,188,0
1998-01-04,168,0
1998-01-05,173,0
1998-01-06,182,0
1998-01-07,185,0
1998-01-08,137,0
1998-01-09,157,0
1998-01-10,165,0
1998-01-11,171,0
1998-01-12,187,0
1998-01-13,182,0
1998-01-14,177,0
1998-01-15,177,0
1998-01-16,171,0
1998-01-17,172,0
1998-01-18,200,0
1998-01-19,153,0
1998-01-20,187,0
1998-01-21,153,0
1998-01-22,159,0
1998-01-23,190,0
1998-01-24,161,0
1998-01-25,149,0
1998-01-26,171,0
1998-01-27,155,0
1998-01-28,174,0
1998-01-29,179,0
1998-01-30,163,0
1998-01-31,176,0
1998-02-01,179,0
1998-02-02,188,0
1998-02-03,197,0
1998-02-04,208,0
1998-02-05,183,0
1998-02-06,177,0
1998-02-07,157,0
1998-02-08,183,0
1998-02-09,201,0
1998-02-10,208,0
1998-02-11,193,0
1998-02-12,153,0
1998-02-13,175,0
1998-02-14,161,0
1998-02-15,188,0
1998-02-16,165,0
1998-02-17,204,0
1998-02-18,156,0
1998-02-19,176,0
1998-02-20,144,0
1998-02-21,172,0
1998-02-22,169,0
1998-02-23,191,0
1998-02-24,214,0
1998-02-25,209,0
1998-02-26,171,0
1998-02-27,176,0
1998-02-28,186,0
1998-03-01,212,0
1998-03-02,184,0
1998-03-03,179,0
1998-03-04,185,0
1998-03-05,175,0
1998-03-06,166,0
1998-03-07,172,0
1998-03-08,182,0
1998-03-09,174,0
1998-03-10,172,0
1998-03-11,164,0
1998-03-12,146,0
1998-03-13,180,0
1998-03-14,199,0
1998-03-15,195,0
1998-03-16,189,0
1998-03-17,188,0
1998-03-18,192,0
1998-03-19,190,0
1998-03-20,158,0
1998-03-21,175,0
1998-03-22,173,0
1998-03-23,171,0
1998-03-24,178,0
1998-03-25,176,0
1998-03-26,153,0
1998-03-27,177,0
1998-03-28,184,0
1998-03-29,168,0
1998-03-30,175,0
1998-03-31,212,0
1998-04-01,203,0
1998-04-02,159,0
1998-04-03,193,0
1998-04-04,194,0
1998-04-05,196,0
1998-04-06,169,0
1998-04-07,208,1
1998-04-08,177,0
1998-04-09,185,0
1998-04-10,193,0
1998-04-11,196,0
1998-04-12,185,0
1998-04-13,182,0
1998-04-14,188,0
1998-04-15,200,0
1998-04-16,173,0
1998-04-17,170,0
1998-04-18,179,1
1998-04-19,180,0
1998-04-20,202,2
1998-04-21,186,0
1998-04-22,220,0
1998-04-23,177,0
1998-04-24,215,0
1998-04-25,193,0
1998-04-26,183,0
1998-04-27,181,0
1998-04-28,174,0
1998-04-29,197,0
1998-04-30,165,0
1998-05-01,185,0
1998-05-02,207,0
1998-05-03,198,0
1998-05-04,215,0
1998-05-05,205,0
1998-05-06,197,0
1998-05-07,202,0
1998-05-08,176,0
1998-05-09,191,0
1998-05-10,200,0
1998-05-11,211,0
1998-05-12,204,2
1998-05-13,247,0
1998-05-14,185,0
1998-05-15,213,0
1998-05-16,202,1
1998-05-17,211,0
1998-05-18,217,1
1998-05-19,220,0
1998-05-20,202,0
1998-05-21,186,0
1998-05-22,173,0
1998-05-23,202,1
1998-05-24,208,0
1998-05-25,182,0
1998-05-26,207,0
1998-05-27,244,0
1998-05-28,219,0
1998-05-29,186,0
1998-05-30,205,0
1998-05-31,210,0
1998-06-01,236,0
1998-06-02,225,0
1998-06-03,236,0
1998-06-04,189,0
1998-06-05,219,0
1998-06-06,195,0
1998-06-07,236,0
1998-06-08,217,0
1998-06-09,210,0
1998-06-10,216,0
1998-06-11,204,0
1998-06-12,219,0
1998-06-13,208,0
1998-06-14,229,0
1998-06-15,182,0
1998-06-16,206,0
1998-06-17,227,0
1998-06-18,197,0
1998-06-19,226,0
1998-06-20,209,0
1998-06-21,211,0
1998-06-22,210,0
1998-06-23,203,0
1998-06-24,197,0
1998-06-25,201,0
1998-06-26,212,0
1998-06-27,198,0
1998-06-28,221,0
1998-06-29,228,0
1998-06-30,197,0
1998-07-01,244,0
1998-07-02,203,0
1998-07-03,228,0
1998-07-04,264,0
1998-07-05,245,0
1998-07-06,250,0
1998-07-07,219,0
1998-07-08,246,0
1998-07-09,214,0
1998-07-10,213,0
1998-07-11,220,0
1998-07-12,241,0
1998-07-13,249,0
1998-07-14,211,0
1998-07-15,194,0
1998-07-16,222,0
1998-07-17,207,0
1998-07-18,234,0
1998-07-19,250,0
1998-07-20,214,0
1998-07-21,251,0
1998-07-22,217,0
1998-07-23,193,0
1998-07-24,224,0
1998-07-25,246,0
1998-07-26,223,0
1998-07-27,231,0
1998-07-28,234,0
1998-07-29,238,0
1998-07-30,234,0
1998-07-31,219,0
1998-08-01,223,0
1998-08-02,222,0
1998-08-03,238,0
1998-08-04,248,0
1998-08-05,229,0
1998-08-06,182,0
1998-08-07,207,0
1998-08-08,238,0
1998-08-09,240,3
1998-08-10,213,1
1998-08-11,245,1
1998-08-12,264,0
1998-08-13,215,0
1998-08-14,216,0
1998-08-15,202,1
1998-08-16,238,0
1998-08-17,226,0
1998-08-18,208,0
1998-08-19,228,0
1998-08-20,210,0
1998-08-21,222,0
1998-08-22,265,1
1998-08-23,225,0
1998-08-24,247,0
1998-08-25,251,0
1998-08-26,224,1
1998-08-27,205,0
1998-08-28,188,0
1998-08-29,217,0
1998-08-30,214,0
1998-08-31,222,0
1998-09-01,237,0
1998-09-02,227,0
1998-09-03,209,0
1998-09-04,232,0
1998-09-05,235,0
1998-09-06,234,0
1998-09-07,265,1
1998-09-08,243,0
1998-09-09,240,1
1998-09-10,240,0
1998-09-11,203,0
1998-09-12,253,1
1998-09-13,265,0
1998-09-14,239,0
1998-09-15,215,0
1998-09-16,212,0
1998-09-17,219,0
1998-09-18,238,0
1998-09-19,282,0
1998-09-20,207,1
1998-09-21,255,2
1998-09-22,274,0
1998-09-23,200,0
1998-09-24,210,0
1998-09-25,208,0
1998-09-26,276,1
1998-09-27,236,0
1998-09-28,248,0
1998-09-29,268,0
1998-09-30,249,0
1998-10-01,223,0
1998-10-02,254,0
1998-10-03,248,0
1998-10-04,275,0
1998-10-05,260,1
1998-10-06,219,0
1998-10-07,256,0
1998-10-08,232,0
1998-10-09,224,0
1998-10-10,288,0
1998-10-11,260,0
1998-10-12,238,0
1998-10-13,239,0
1998-10-14,245,0
1998-10-15,232,0
1998-10-16,258,0
1998-10-17,251,0
1998-10-18,259,0
1998-10-19,244,0
1998-10-20,244,0
1998-10-21,263,0
1998-10-22,237,0
1998-10-23,222,0
1998-10-24,283,0
1998-10-25,228,0
1998-10-26,255,0
1998-10-27,256,0
1998-10-28,269,0
1998-10-29,239,0
1998-10-30,269,0
1998-10-31,246,0
1998-11-01,247,0
1998-11-02,233,0
1998-11-03,272,2
1998-11-04,286,0
1998-11-05,229,0
1998-11-06,224,0
1998-11-07,271,1
1998-11-08,263,0
1998-11-09,279,1
1998-11-10,248,0
1998-11-11,262,0
1998-11-12,230,0
1998-11-13,215,0
1998-11-14,238,0
1998-11-15,270,0
1998-11-16,238,2
1998-11-17,258,0
1998-11-18,241,0
1998-11-19,244,0
1998-11-20,268,0
1998-11-21,248,0
1998-11-22,241,0
1998-11-23,250,0
1998-11-24,224,0
1998-11-25,238,0
1998-11-26,217,0
1998-11-27,225,0
1998-11-28,261,0
1998-11-29,275,0
1998-11-30,232,0
1998-12-01,264,0
1998-12-02,274,0
1998-12-03,236,0
1998-12-04,226,0
1998-12-05,250,0
1998-12-06,255,0
1998-12-07,267,1
1998-12-08,243,0
1998-12-09,289,0
1998-12-10,232,0
1998-12-11,234,0
1998-12-12,252,0
1998-12-13,260,0
1998-12-14,225,0
1998-12-15,268,0
1998-12-16,258,0
1998-12-17,256,0
1998-12-18,253,0
1998-12-19,292,0
1998-12-20,231,0
1998-12-21,266,0
1998-12-22,223,0
1998-12-23,287,0
1998-12-24,235,0
1998-12-25,271,0
1998-12-26,233,0
1998-12-27,226,0
1998-12-28,245,0
1998-12-29,264,0
1998-12-30,265,0
1998-12-31,241,0
1999-01-01,284,0
1999-01-02,223,0
1999-01-03,250,0
1999-01-04,258,0
1999-01-05,261,0
1999-01-06,272,0
1999-01-07,282,0
1999-01-08,259,0
1999-01-09,253,0
1999-01-10,244,0
1999-01-11,262,0
1999-01-12,260,0
1999-01-13,303,0
1999-01-14,297,0
1999-01-15,238,0
1999-01-16,275,0
1999-01-17,253,0
1999-01-18,284,0
1999-01-19,258,0
1999-01-20,250,0
1999-01-21,261,0
1999-01-22,251,0
1999-01-23,256,0
1999-01-24,272,0
1999-01-25,280,0
1999-01-26,263,0
1999-01-27,285,0
1999-01-28,267,0
1999-01-29,270,0
1999-01-30,264,0
1999-01-31,257,0
1999-02-01,266,0
1999-02-02,320,0
1999-02-03,268,0
1999-02-04,291,0
1999-02-05,252,0
1999-02-06,262,0
1999-02-07,261,0
1999-02-08,259,0
1999-02-09,289,0
1999-02-10,288,0
1999-02-11,282,0
1999-02-12,270,0
1999-02-13,243,0
1999-02-14,290,0
1999-02-15,292,0
1999-02-16,294,0
1999-02-17,305,0
1999-02-18,306,0
1999-02-19,266,0
1999-02-20,291,0
1999-02-21,296,0
1999-02-22,290,0
1999-02-23,265,0
1999-02-24,306,0
1999-02-25,307,0
1999-02-26,293,0
1999-02-27,268,0
1999-02-28,294,0
1999-03-01,284,0
1999-03-02,299,3
1999-03-03,290,0
1999-03-04,309,0
1999-03-05,284,1
1999-03-06,258,0
1999-03-07,271,1
1999-03-08,291,0
1999-03-09,306,1
1999-03-10,325,0
1999-03-11,289,0
1999-03-12,267,0
1999-03-13,270,0
1999-03-14,282,0
1999-03-15,302,0
1999-03-16,311,0
1999-03-17,301,0
1999-03-18,310,0
1999-03-19,277,0
1999-03-20,274,0
1999-03-21,269,0
1999-03-22,291,0
1999-03-23,284,0
1999-03-24,286,0
1999-03-25,282,0
1999-03-26,272,0
1999-03-27,274,0
1999-03-28,288,0
1999-03-29,309,0
1999-03-30,304,0
1999-03-31,292,0
1999-04-01,325,0
1999-04-02,274,0
1999-04-03,275,0
1999-04-04,283,0
1999-04-05,296,0
1999-04-06,295,0
1999-04-07,284,0
1999-04-08,309,0
1999-04-09,272,0
1999-04-10,248,0
1999-04-11,301,0
1999-04-12,319,0
1999-04-13,290,1
1999-04-14,289,0
1999-04-15,331,0
1999-04-16,284,0
1999-04-17,287,0
1999-04-18,304,1
1999-04-19,329,1
1999-04-20,288,1
1999-04-21,298,1
1999-04-22,330,0
1999-04-23,260,0
1999-04-24,257,0
1999-04-25,319,1
1999-04-26,301,0
1999-04-27,322,1
1999-04-28,287,0
1999-04-29,343,0
1999-04-30,291,0
1999-05-01,317,0
1999-05-02,332,0
1999-05-03,332,0
1999-05-04,307,0
1999-05-05,330,0
1999-05-06,296,0
1999-05-07,300,0
1999-05-08,288,0
1999-05-09,310,0
1999-05-10,317,1
1999-05-11,325,0
1999-05-12,309,1
1999-05-13,315,0
1999-05-14,288,0
1999-05-15,297,0
1999-05-16,308,0
1999-05-17,312,0
1999-05-18,322,1
1999-05-19,308,2
1999-05-20,313,0
1999-05-21,274,0
1999-05-22,295,0
1999-05-23,297,4
1999-05-24,336,0
1999-05-25,308,0
1999-05-26,317,0
1999-05-27,317,0
1999-05-28,287,0
1999-05-29,293,0
1999-05-30,319,0
1999-05-31,263,0
1999-06-01,355,0
1999-06-02,345,0
1999-06-03,299,0
1999-06-04,290,0
1999-06-05,305,0
1999-06-06,327,0
1999-06-07,337,0
1999-06-08,317,0
1999-06-09,305,0
1999-06-10,311,0
1999-06-11,317,0
1999-06-12,309,0
1999-06-13,337,0
1999-06-14,310,0
1999-06-15,341,0
1999-06-16,330,0
1999-06-17,319,0
1999-06-18,309,0
1999-06-19,278,0
1999-06-20,303,0
1999-06-21,347,0
1999-06-22,301,0
1999-06-23,344,0
1999-06-24,296,0
1999-06-25,308,0
1999-06-26,268,0
1999-06-27,320,0
1999-06-28,337,0
1999-06-29,322,0
1999-06-30,333,0
1999-07-01,355,0
1999-07-02,298,0
1999-07-03,315,0
1999-07-04,346,0
1999-07-05,317,0
1999-07-06,334,0
1999-07-07,308,0
1999-07-08,345,0
1999-07-09,273,0
1999-07-10,313,0
1999-07-11,359,0
1999-07-12,328,0
1999-07-13,323,0
1999-07-14,332,0
1999-07-15,331,0
1999-07-16,281,0
1999-07-17,310,0
1999-07-18,327,0
1999-07-19,322,0
1999-07-20,343,0
1999-07-21,342,0
1999-07-22,315,0
1999-07-23,301,0
1999-07-24,317,0
1999-07-25,344,0
1999-07-26,302,0
1999-07-27,333,0
1999-07-28,310,0
1999-07-29,353,0
1999-07-30,298,0
1999-07-31,331,0
1999-08-01,342,0
1999-08-02,357,0
1999-08-03,319,0
1999-08-04,313,0
1999-08-05,343,0
1999-08-06,320,0
1999-08-07,321,0
1999-08-08,294,0
1999-08-09,341,0
1999-08-10,322,0
1999-08-11,366,0
1999-08-12,341,0
1999-08-13,301,0
1999-08-14,312,0
1999-08-15,318,0
1999-08-16,342,0
1999-08-17,321,0
1999-08-18,317,0
1999-08-19,370,0
1999-08-20,315,0
1999-08-21,364,0
1999-08-22,320,0
1999-08-23,327,0
1999-08-24,299,0
1999-08-25,301,0
1999-08-26,355,0
1999-08-27,305,0
1999-08-28,324,0
1999-08-29,320,0
1999-08-30,369,0
1999-08-31,358,0
1999-09-01,363,0
1999-09-02,346,0
1999-09-03,322,0
1999-09-04,353,0
1999-09-05,348,0
1999-09-06,346,0
1999-09-07,305,0
1999-09-08,350,0
1999-09-09,367,0
1999-09-10,313,0
1999-09-11,337,0
1999-09-12,352,0
1999-09-13,347,0
1999-09-14,345,0
1999-09-15,377,0
1999-09-16,374,0
1999-09-17,336,0
1999-09-18,328,0
1999-09-19,360,0
1999-09-20,343,0
1999-09-21,350,0
1999-09-22,354,0
1999-09-23,387,0
1999-09-24,296,0
1999-09-25,338,0
1999-09-26,348,0
1999-09-27,331,0
1999-09-28,352,0
1999-09-29,343,0
1999-09-30,311,0
1999-10-01,328,0
1999-10-02,377,0
1999-10-03,385,0
1999-10-04,349,0
1999-10-05,405,0
1999-10-06,360,0
1999-10-07,353,0
1999-10-08,318,0
1999-10-09,353,0
1999-10-10,383,0
1999-10-11,365,0
1999-10-12,360,0
1999-10-13,356,0
1999-10-14,374,0
1999-10-15,372,0
1999-10-16,335,0
1999-10-17,380,0
1999-10-18,365,0
1999-10-19,387,0
1999-10-20,353,0
1999-10-21,345,0
1999-10-22,346,0
1999-10-23,339,0
1999-10-24,351,0
1999-10-25,368,0
1999-10-26,382,0
1999-10-27,385,0
1999-10-28,371,0
1999-10-29,349,0
1999-10-30,382,0
1999-10-31,376,0
1999-11-01,386,0
1999-11-02,378,0
1999-11-03,370,0
1999-11-04,365,0
1999-11-05,339,0
1999-11-06,363,0
1999-11-07,381,0
1999-11-08,402,0
1999-11-09,373,0
1999-11-10,377,0
1999-11-11,370,0
1999-11-12,370,0
1999-11-13,390,0
1999-11-14,397,0
1999-11-15,387,0
1999-11-16,392,0
1999-11-17,392,0
1999-11-18,388,0
1999-11-19,371,0
1999-11-20,359,0
1999-11-21,354,0
1999-11-22,350,0
1999-11-23,374,0
1999-11-24,404,0
1999-11-25,389,0
1999-11-26,305,0
1999-11-27,339,0
1999-11-28,414,0
1999-11-29,373,0
1999-11-30,342,0
1999-12-01,390,0
1999-12-02,409,0
1999-12-03,348,0
1999-12-04,344,0
1999-12-05,402,0
1999-12-06,397,0
1999-12-07,398,0
1999-12-08,418,0
1999-12-09,416,0
1999-12-10,390,0
1999-12-11,387,0
1999-12-12,430,0
1999-12-13,384,0
1999-12-14,382,0
1999-12-15,401,0
1999-12-16,447,0
1999-12-17,366,0
1999-12-18,394,0
1999-12-19,387,0
1999-12-20,399,0
1999-12-21,395,0
1999-12-22,383,0
1999-12-23,384,0
1999-12-24,353,2
1999-12-25,427,0
1999-12-26,391,0
1999-12-27,422,0
1999-12-28,409,0
1999-12-29,416,0
1999-12-30,410,0
1999-12-31,380,0
2000-01-01,446,0
2000-01-02,403,0
2000-01-03,424,0
2000-01-04,407,0
2000-01-05,393,0
2000-01-06,394,0
2000-01-07,405,0
2000-01-08,354,1
2000-01-09,375,1
2000-01-10,392,1
2000-01-11,436,0
2000-01-12,394,1
2000-01-13,396,0
2000-01-14,409,0
2000-01-15,402,0
2000-01-16,416,0
2000-01-17,424,0
2000-01-18,395,0
2000-01-19,402,1
2000-01-20,397,1
2000-01-21,424,0
2000-01-22,371,1
2000-01-23,390,0
2000-01-24,444,2
2000-01-25,412,0
2000-01-26,426,2
2000-01-27,430,0
2000-01-28,387,0
2000-01-29,406,1
2000-01-30,401,1
2000-01-31,392,1
2000-02-01,434,0
2000-02-02,439,2
2000-02-03,444,0
2000-02-04,467,0
2000-02-05,399,0
2000-02-06,394,0
2000-02-07,425,3
2000-02-08,400,0
2000-02-09,436,1
2000-02-10,427,1
2000-02-11,420,0
2000-02-12,378,1
2000-02-13,424,0
2000-02-14,424,1
2000-02-15,448,0
2000-02-16,481,0
2000-02-17,470,0
2000-02-18,456,0
2000-02-19,368,0
2000-02-20,436,0
2000-02-21,437,0
2000-02-22,438,0
2000-02-23,453,0
2000-02-24,438,0
2000-02-25,445,0
2000-02-26,402,0
2000-02-27,416,0
2000-02-28,410,0
2000-02-29,3,0
2000-03-01,445,0
2000-03-02,483,0
2000-03-03,472,0
2000-03-04,407,0
2000-03-05,460,2
2000-03-06,456,1
2000-03-07,427,0
2000-03-08,460,2
2000-03-09,473,1
2000-03-10,489,0
2000-03-11,417,0
2000-03-12,438,0
2000-03-13,474,0
2000-03-14,469,0
2000-03-15,479,0
2000-03-16,474,0
2000-03-17,457,0
2000-03-18,415,0
2000-03-19,403,0
2000-03-20,451,0
2000-03-21,505,0
2000-03-22,418,0
2000-03-23,440,0
2000-03-24,465,0
2000-03-25,409,0
2000-03-26,470,0
2000-03-27,487,0
2000-03-28,453,0
2000-03-29,436,1
2000-03-30,408,0
2000-03-31,443,0
2000-04-01,409,0
2000-04-02,435,0
2000-04-03,476,0
2000-04-04,450,0
2000-04-05,463,0
2000-04-06,487,1
2000-04-07,474,0
2000-04-08,445,2
2000-04-09,421,1
2000-04-10,460,4
2000-04-11,475,0
2000-04-12,428,0
2000-04-13,433,0
2000-04-14,460,0
2000-04-15,413,0
2000-04-16,445,0
2000-04-17,501,0
2000-04-18,471,0
2000-04-19,488,0
2000-04-20,469,0
2000-04-21,466,0
2000-04-22,479,0
2000-04-23,453,0
2000-04-24,500,0
2000-04-25,440,0
2000-04-26,445,1
2000-04-27,480,1
2000-04-28,473,0
2000-04-29,441,1
2000-04-30,455,2
2000-05-01,507,0
2000-05-02,456,0
2000-05-03,479,0
2000-05-04,460,2
2000-05-05,504,0
2000-05-06,464,0
2000-05-07,491,1
2000-05-08,433,2
2000-05-09,462,0
2000-05-10,483,4
2000-05-11,484,1
2000-05-12,487,0
2000-05-13,420,0
2000-05-14,446,0
2000-05-15,460,0
2000-05-16,481,0
2000-05-17,490,0
2000-05-18,486,0
2000-05-19,488,0
2000-05-20,442,0
2000-05-21,420,0
2000-05-22,500,0
2000-05-23,473,0
2000-05-24,481,1
2000-05-25,478,4
2000-05-26,480,0
2000-05-27,441,0
2000-05-28,438,4
2000-05-29,442,2
2000-05-30,505,0
2000-05-31,473,1
2000-06-01,493,0
2000-06-02,547,0
2000-06-03,441,0
2000-06-04,463,0
2000-06-05,544,0
2000-06-06,489,0
2000-06-07,514,0
2000-06-08,516,2
2000-06-09,491,0
2000-06-10,476,1
2000-06-11,503,0
2000-06-12,514,2
2000-06-13,446,0
2000-06-14,483,2
2000-06-15,496,3
2000-06-16,490,0
2000-06-17,453,2
2000-06-18,501,2
2000-06-19,494,1
2000-06-20,520,0
2000-06-21,484,2
2000-06-22,494,1
2000-06-23,498,0
2000-06-24,456,1
2000-06-25,505,1
2000-06-26,524,1
2000-06-27,484,0
2000-06-28,502,1
2000-06-29,555,3
2000-06-30,531,0
2000-07-01,496,0
2000-07-02,496,2
2000-07-03,512,2
2000-07-04,534,0
2000-07-05,574,3
2000-07-06,544,0
2000-07-07,504,0
2000-07-08,434,0
2000-07-09,466,1
2000-07-10,525,4
2000-07-11,572,0
2000-07-12,520,1
2000-07-13,544,2
2000-07-14,527,0
2000-07-15,445,2
2000-07-16,450,0
2000-07-17,537,1
2000-07-18,506,0
2000-07-19,547,0
2000-07-20,547,1
2000-07-21,545,0
2000-07-22,482,0
2000-07-23,464,0
2000-07-24,504,0
2000-07-25,522,0
2000-07-26,500,0
2000-07-27,458,0
2000-07-28,567,0
2000-07-29,456,0
2000-07-30,435,0
2000-07-31,516,0
2000-08-01,541,0
2000-08-02,508,0
2000-08-03,524,1
2000-08-04,518,0
2000-08-05,474,0
2000-08-06,481,0
2000-08-07,516,1
2000-08-08,545,0
2000-08-09,457,0
2000-08-10,538,0
2000-08-11,499,0
2000-08-12,429,0
2000-08-13,450,0
2000-08-14,553,0
2000-08-15,518,0
2000-08-16,501,0
2000-08-17,530,0
2000-08-18,511,0
2000-08-19,493,0
2000-08-20,501,0
2000-08-21,508,0
2000-08-22,540,0
2000-08-23,501,0
2000-08-24,492,0
2000-08-25,543,0
2000-08-26,437,0
2000-08-27,490,0
2000-08-28,574,0
2000-08-29,483,0
2000-08-30,509,0
2000-08-31,540,0
2000-09-01,533,0
2000-09-02,456,0
2000-09-03,496,0
2000-09-04,582,0
2000-09-05,530,0
2000-09-06,537,0
2000-09-07,508,0
2000-09-08,589,0
2000-09-09,481,0
2000-09-10,462,0
2000-09-11,514,0
2000-09-12,547,0
2000-09-13,512,0
2000-09-14,515,5
2000-09-15,544,0
2000-09-16,525,0
2000-09-17,555,0
2000-09-18,499,0
2000-09-19,539,0
2000-09-20,494,0
2000-09-21,491,0
2000-09-22,545,0
2000-09-23,501,1
2000-09-24,505,1
2000-09-25,546,1
2000-09-26,543,0
2000-09-27,522,0
2000-09-28,530,0
2000-09-29,526,0
2000-09-30,510,3
2000-10-01,483,0
2000-10-02,514,1
2000-10-03,521,0
2000-10-04,540,3
2000-10-05,514,2
2000-10-06,540,0
2000-10-07,474,0
2000-10-08,468,2
2000-10-09,585,1
2000-10-10,554,0
2000-10-11,484,0
2000-10-12,545,0
2000-10-13,509,0
2000-10-14,472,0
2000-10-15,450,0
2000-10-16,544,0
2000-10-17,578,0
2000-10-18,512,1
2000-10-19,547,2
2000-10-20,553,0
2000-10-21,419,0
2000-10-22,503,0
2000-10-23,559,1
2000-10-24,560,0
2000-10-25,577,1
2000-10-26,560,0
2000-10-27,567,0
2000-10-28,520,2
2000-10-29,479,0
2000-10-30,497,0
2000-10-31,559,0
2000-11-01,535,1
2000-11-02,581,0
2000-11-03,549,0
2000-11-04,476,0
2000-11-05,520,0
2000-11-06,556,0
2000-11-07,531,0
2000-11-08,532,0
2000-11-09,504,0
2000-11-10,548,0
2000-11-11,493,0
2000-11-12,514,0
2000-11-13,553,0
2000-11-14,558,0
2000-11-15,531,2
2000-11-16,557,7
2000-11-17,482,0
2000-11-18,484,1
2000-11-19,528,1
2000-11-20,517,0
2000-11-21,558,0
2000-11-22,529,2
2000-11-23,565,0
2000-11-24,538,0
2000-11-25,497,2
2000-11-26,523,0
2000-11-27,560,1
2000-11-28,537,0
2000-11-29,524,2
2000-11-30,558,0
2000-12-01,562,0
2000-12-02,528,2
2000-12-03,537,0
2000-12-04,584,0
2000-12-05,541,0
2000-12-06,569,3
2000-12-07,585,3
2000-12-08,517,0
2000-12-09,514,1
2000-12-10,527,1
2000-12-11,543,0
2000-12-12,515,0
2000-12-13,561,2
2000-12-14,553,0
2000-12-15,529,0
2000-12-16,498,1
2000-12-17,527,0
2000-12-18,552,0
2000-12-19,546,0
2000-12-20,538,0
2000-12-21,545,0
2000-12-22,532,0
2000-12-23,525,0
2000-12-24,545,0
2000-12-25,537,0
2000-12-26,557,0
2000-12-27,508,0
2000-12-28,586,0
2000-12-29,539,0
2000-12-30,546,0
2000-12-31,550,1
2001-01-01,575,2
2001-01-02,539,1
2001-01-03,605,0
2001-01-04,554,0
2001-01-05,629,0
2001-01-06,613,0
2001-01-07,597,0
2001-01-08,552,0
2001-01-09,559,0
2001-01-10,569,0
2001-01-11,584,0
2001-01-12,589,0
2001-01-13,588,0
2001-01-14,588,0
2001-01-15,536,0
2001-01-16,581,0
2001-01-17,605,1
2001-01-18,598,0
2001-01-19,572,1
2001-01-20,555,1
2001-01-21,589,0
2001-01-22,536,1
2001-01-23,571,1
2001-01-24,627,3
2001-01-25,551,0
2001-01-26,587,1
2001-01-27,573,0
2001-01-28,590,0
2001-01-29,536,2
2001-01-30,518,1
2001-01-31,575,1
2001-02-01,632,0
2001-02-02,638,1
2001-02-03,573,1
2001-02-04,625,0
2001-02-05,538,1
2001-02-06,573,0
2001-02-07,577,1
2001-02-08,593,0
2001-02-09,679,3
2001-02-10,579,0
2001-02-11,584,0
2001-02-12,530,1
2001-02-13,545,1
2001-02-14,590,0
2001-02-15,621,0
2001-02-16,610,0
2001-02-17,593,0
2001-02-18,612,0
2001-02-19,546,1
2001-02-20,565,3
2001-02-21,648,0
2001-02-22,633,0
2001-02-23,601,0
2001-02-24,571,3
2001-02-25,654,1
2001-02-26,535,0
2001-02-27,580,1
2001-02-28,615,0
2001-03-01,634,0
2001-03-02,652,2
2001-03-03,659,3
2001-03-04,661,2
2001-03-05,560,1
2001-03-06,630,2
2001-03-07,647,1
2001-03-08,643,0
2001-03-09,652,1
2001-03-10,650,0
2001-03-11,688,0
2001-03-12,560,2
2001-03-13,573,1
2001-03-14,669,0
2001-03-15,649,0
2001-03-16,645,3
2001-03-17,648,3
2001-03-18,609,0
2001-03-19,581,1
2001-03-20,596,5
2001-03-21,664,2
2001-03-22,628,0
2001-03-23,644,1
2001-03-24,642,5
2001-03-25,611,0
2001-03-26,570,0
2001-03-27,618,0
2001-03-28,624,0
2001-03-29,675,0
2001-03-30,610,4
2001-03-31,644,1
2001-04-01,697,2
2001-04-02,620,0
2001-04-03,649,2
2001-04-04,648,0
2001-04-05,727,0
2001-04-06,676,0
2001-04-07,654,1
2001-04-08,728,1
2001-04-09,613,3
2001-04-10,631,0
2001-04-11,662,0
2001-04-12,685,0
2001-04-13,646,1
2001-04-14,617,0
2001-04-15,645,3
2001-04-16,615,0
2001-04-17,597,1
2001-04-18,683,2
2001-04-19,663,0
2001-04-20,674,0
2001-04-21,641,1
2001-04-22,709,0
2001-04-23,597,0
2001-04-24,628,0
2001-04-25,675,1
2001-04-26,674,0
2001-04-27,692,0
2001-04-28,668,4
2001-04-29,690,0
2001-04-30,573,0
2001-05-01,625,1
2001-05-02,658,6
2001-05-03,689,0
2001-05-04,691,0
2001-05-05,730,3
2001-05-06,710,2
2001-05-07,622,0
2001-05-08,634,0
2001-05-09,667,0
2001-05-10,696,0
2001-05-11,735,1
2001-05-12,690,2
2001-05-13,685,0
2001-05-14,627,0
2001-05-15,657,1
2001-05-16,709,2
2001-05-17,713,0
2001-05-18,741,2
2001-05-19,714,4
2001-05-20,690,0
2001-05-21,661,0
2001-05-22,652,2
2001-05-23,648,1
2001-05-24,685,0
2001-05-25,708,0
2001-05-26,671,2
2001-05-27,720,0
2001-05-28,649,0
2001-05-29,630,2
2001-05-30,724,3
2001-05-31,684,0
2001-06-01,708,5
2001-06-02,756,1
2001-06-03,702,0
2001-06-04,679,0
2001-06-05,721,0
2001-06-06,737,4
2001-06-07,690,0
2001-06-08,760,1
2001-06-09,781,1
2001-06-10,744,1
2001-06-11,693,0
2001-06-12,658,1
2001-06-13,737,4
2001-06-14,711,0
2001-06-15,730,3
2001-06-16,703,2
2001-06-17,727,0
2001-06-18,697,0
2001-06-19,696,1
2001-06-20,739,2
2001-06-21,716,0
2001-06-22,756,7
2001-06-23,774,5
2001-06-24,721,3
2001-06-25,647,0
2001-06-26,615,0
2001-06-27,761,1
2001-06-28,714,0
2001-06-29,764,0
2001-06-30,731,0
2001-07-01,790,1
2001-07-02,688,0
2001-07-03,714,0
2001-07-04,689,1
2001-07-05,728,0
2001-07-06,713,6
2001-07-07,749,1
2001-07-08,803,0
2001-07-09,672,0
2001-07-10,705,4
2001-07-11,764,6
2001-07-12,719,0
2001-07-13,771,3
2001-07-14,739,4
2001-07-15,756,0
2001-07-16,662,0
2001-07-17,681,0
2001-07-18,725,6
2001-07-19,729,0
2001-07-20,715,6
2001-07-21,763,1
2001-07-22,755,0
2001-07-23,725,0
2001-07-24,679,3
2001-07-25,745,4
2001-07-26,781,0
2001-07-27,722,4
2001-07-28,766,1
2001-07-29,758,0
2001-07-30,689,0
2001-07-31,714,1
2001-08-01,790,0
2001-08-02,814,0
2001-08-03,739,0
2001-08-04,766,0
2001-08-05,810,0
2001-08-06,684,0
2001-08-07,752,1
2001-08-08,727,0
2001-08-09,747,0
2001-08-10,764,0
2001-08-11,744,2
2001-08-12,764,0
2001-08-13,715,2
2001-08-14,742,2
2001-08-15,768,0
2001-08-16,741,0
2001-08-17,787,0
2001-08-18,776,4
2001-08-19,799,1
2001-08-20,659,0
2001-08-21,704,1
2001-08-22,772,1
2001-08-23,750,0
2001-08-24,765,1
2001-08-25,791,4
2001-08-26,817,2
2001-08-27,709,0
2001-08-28,747,0
2001-08-29,736,5
2001-08-30,860,0
2001-08-31,802,3
2001-09-01,755,1
2001-09-02,811,0
2001-09-03,745,0
2001-09-04,759,1
2001-09-05,797,0
2001-09-06,739,0
2001-09-07,782,3
2001-09-08,786,3
2001-09-09,753,0
2001-09-10,676,0
2001-09-11,743,0
2001-09-12,756,1
2001-09-13,787,0
2001-09-14,735,0
2001-09-15,798,1
2001-09-16,748,0
2001-09-17,684,0
2001-09-18,725,0
2001-09-19,765,0
2001-09-20,754,0
2001-09-21,794,4
2001-09-22,722,4
2001-09-23,750,0
2001-09-24,689,0
2001-09-25,708,1
2001-09-26,773,0
2001-09-27,772,0
2001-09-28,728,0
2001-09-29,764,1
2001-09-30,840,0
2001-10-01,721,0
2001-10-02,727,1
2001-10-03,806,0
2001-10-04,785,0
2001-10-05,837,0
2001-10-06,775,0
2001-10-07,829,0
2001-10-08,675,0
2001-10-09,784,2
2001-10-10,783,1
2001-10-11,818,0
2001-10-12,798,5
2001-10-13,817,5
2001-10-14,792,2
2001-10-15,699,0
2001-10-16,769,1
2001-10-17,790,0
2001-10-18,857,0
2001-10-19,769,0
2001-10-20,823,5
2001-10-21,838,0
2001-10-22,763,0
2001-10-23,773,0
2001-10-24,759,2
2001-10-25,823,0
2001-10-26,764,5
2001-10-27,757,1
2001-10-28,821,0
2001-10-29,696,0
2001-10-30,773,1
2001-10-31,775,1
2001-11-01,800,0
2001-11-02,803,0
2001-11-03,833,1
2001-11-04,765,2
2001-11-05,727,0
2001-11-06,743,3
2001-11-07,829,0
2001-11-08,774,0
2001-11-09,806,0
2001-11-10,806,1
2001-11-11,782,1
2001-11-12,739,0
2001-11-13,703,0
2001-11-14,830,0
2001-11-15,801,0
2001-11-16,787,0
2001-11-17,820,3
2001-11-18,807,0
2001-11-19,767,0
2001-11-20,730,0
2001-11-21,824,1
2001-11-22,807,0
2001-11-23,854,0
2001-11-24,877,3
2001-11-25,800,0
2001-11-26,727,0
2001-11-27,792,0
2001-11-28,791,2
2001-11-29,765,0
2001-11-30,832,3
2001-12-01,852,4
2001-12-02,863,0
2001-12-03,702,0
2001-12-04,781,0
2001-12-05,835,2
2001-12-06,848,0
2001-12-07,862,3
2001-12-08,848,7
2001-12-09,856,0
2001-12-10,744,0
2001-12-11,730,1
2001-12-12,782,2
2001-12-13,832,0
2001-12-14,831,0
2001-12-15,787,0
2001-12-16,835,0
2001-12-17,724,0
2001-12-18,730,2
2001-12-19,833,1
2001-12-20,829,0
2001-12-21,768,0
2001-12-22,795,1
2001-12-23,837,0
2001-12-24,753,0
2001-12-25,825,2
2001-12-26,861,1
2001-12-27,794,0
2001-12-28,785,0
2001-12-29,805,2
2001-12-30,841,1
2001-12-31,748,0
2002-01-01,786,0
2002-01-02,781,0
2002-01-03,872,0
2002-01-04,888,0
2002-01-05,875,0
2002-01-06,828,1
2002-01-07,839,3
2002-01-08,824,0
2002-01-09,750,1
2002-01-10,822,1
2002-01-11,806,0
2002-01-12,818,0
2002-01-13,918,1
2002-01-14,848,0
2002-01-15,744,0
2002-01-16,790,7
2002-01-17,831,1
2002-01-18,833,0
2002-01-19,869,0
2002-01-20,922,0
2002-01-21,805,1
2002-01-22,760,0
2002-01-23,776,2
2002-01-24,849,1
2002-01-25,811,0
2002-01-26,786,0
2002-01-27,823,0
2002-01-28,841,0
2002-01-29,726,0
2002-01-30,748,0
2002-01-31,865,0
2002-02-01,879,0
2002-02-02,841,0
2002-02-03,816,0
2002-02-04,884,0
2002-02-05,775,0
2002-02-06,799,0
2002-02-07,906,0
2002-02-08,873,0
2002-02-09,852,0
2002-02-10,881,0
2002-02-11,834,0
2002-02-12,811,0
2002-02-13,802,0
2002-02-14,807,0
2002-02-15,897,0
2002-02-16,843,0
2002-02-17,880,0
2002-02-18,864,0
2002-02-19,824,0
2002-02-20,803,0
2002-02-21,838,0
2002-02-22,880,0
2002-02-23,866,0
2002-02-24,848,0
2002-02-25,858,0
2002-02-26,788,0
2002-02-27,835,0
2002-02-28,845,0
2002-03-01,879,0
2002-03-02,902,0
2002-03-03,907,0
2002-03-04,910,0
2002-03-05,822,0
2002-03-06,786,0
2002-03-07,885,0
2002-03-08,844,0
2002-03-09,835,0
2002-03-10,826,0
2002-03-11,879,0
2002-03-12,814,0
2002-03-13,833,0
2002-03-14,836,0
2002-03-15,867,0
2002-03-16,893,0
2002-03-17,898,0
2002-03-18,879,0
2002-03-19,842,0
2002-03-20,846,0
2002-03-21,873,0
2002-03-22,852,0
2002-03-23,846,0
2002-03-24,868,0
2002-03-25,944,0
2002-03-26,785,0
2002-03-27,816,0
2002-03-28,893,0
2002-03-29,967,0
2002-03-30,869,0
2002-03-31,892,0
2002-04-01,895,0
2002-04-02,843,0
2002-04-03,796,0
2002-04-04,953,0
2002-04-05,940,0
2002-04-06,900,0
2002-04-07,930,0
2002-04-08,937,0
2002-04-09,862,0
2002-04-10,802,0
2002-04-11,876,0
2002-04-12,856,0
2002-04-13,910,0
2002-04-14,917,0
2002-04-15,926,0
2002-04-16,851,0
2002-04-17,868,0
2002-04-18,875,0
2002-04-19,932,0
2002-04-20,960,0
2002-04-21,934,0
2002-04-22,912,0
2002-04-23,863,0
2002-04-24,873,0
2002-04-25,906,0
2002-04-26,930,0
2002-04-27,925,0
2002-04-28,923,0
2002-04-29,882,0
2002-04-30,788,0
2002-05-01,934,0
2002-05-02,944,0
2002-05-03,924,0
2002-05-04,959,0
2002-05-05,920,0
2002-05-06,945,0
2002-05-07,879,0
2002-05-08,874,0
2002-05-09,956,0
2002-05-10,983,0
2002-05-11,970,0
2002-05-12,931,0
2002-05-13,978,0
2002-05-14,897,0
2002-05-15,867,0
2002-05-16,973,0
2002-05-17,935,0
2002-05-18,930,0
2002-05-19,927,0
2002-05-20,935,0
2002-05-21,867,0
2002-05-22,861,0
2002-05-23,955,0
2002-05-24,943,0
2002-05-25,939,0
2002-05-26,869,0
2002-05-27,959,0
2002-05-28,874,0
2002-05-29,856,0
2002-05-30,905,0
2002-05-31,967,0
2002-06-01,964,0
2002-06-02,967,0
2002-06-03,978,0
2002-06-04,811,0
2002-06-05,952,0
2002-06-06,983,0
2002-06-07,973,0
2002-06-08,920,0
2002-06-09,974,0
2002-06-10,1049,0
2002-06-11,880,0
2002-06-12,875,0
2002-06-13,1021,0
2002-06-14,979,0
2002-06-15,1008,0
2002-06-16,1029,0
2002-06-17,992,0
2002-06-18,916,0
2002-06-19,929,0
2002-06-20,973,0
2002-06-21,1027,0
2002-06-22,955,0
2002-06-23,972,0
2002-06-24,981,0
2002-06-25,884,0
2002-06-26,915,0
2002-06-27,1055,0
2002-06-28,924,0
2002-06-29,999,0
2002-06-30,941,0
2002-07-01,984,0
2002-07-02,916,0
2002-07-03,969,0
2002-07-04,1036,0
2002-07-05,1055,0
2002-07-06,1004,0
2002-07-07,978,0
2002-07-08,936,0
2002-07-09,883,0
2002-07-10,869,0
2002-07-11,1061,0
2002-07-12,970,0
2002-07-13,1002,0
2002-07-14,1011,0
2002-07-15,976,0
2002-07-16,851,0
2002-07-17,888,0
2002-07-18,1087,0
2002-07-19,1024,0
2002-07-20,1008,0
2002-07-21,1018,0
2002-07-22,1007,0
2002-07-23,898,0
2002-07-24,867,0
2002-07-25,969,0
2002-07-26,966,0
2002-07-27,1033,0
2002-07-28,1018,0
2002-07-29,977,0
2002-07-30,899,0
2002-07-31,951,0
2002-08-01,1041,0
2002-08-02,1014,0
2002-08-03,1034,0
2002-08-04,1071,0
2002-08-05,1050,0
2002-08-06,962,0
2002-08-07,954,0
2002-08-08,997,0
2002-08-09,1023,0
2002-08-10,985,0
2002-08-11,1079,0
2002-08-12,1008,0
2002-08-13,963,0
2002-08-14,986,0
2002-08-15,1035,0
2002-08-16,1018,0
2002-08-17,991,0
2002-08-18,1024,0
2002-08-19,1037,0
2002-08-20,908,0
2002-08-21,1026,0
2002-08-22,956,0
2002-08-23,1004,0
2002-08-24,1055,0
2002-08-25,991,0
2002-08-26,1035,0
2002-08-27,866,0
2002-08-28,951,0
2002-08-29,1034,0
2002-08-30,1006,0
2002-08-31,1006,0
2002-09-01,1037,0
2002-09-02,1069,0
2002-09-03,944,0
2002-09-04,967,0
2002-09-05,1070,0
2002-09-06,1040,0
2002-09-07,1024,0
2002-09-08,1052,0
2002-09-09,1034,0
2002-09-10,933,0
2002-09-11,950,0
2002-09-12,1036,0
2002-09-13,1051,0
2002-09-14,1007,0
2002-09-15,1071,0
2002-09-16,1083,0
2002-09-17,930,0
2002-09-18,990,0
2002-09-19,1005,0
2002-09-20,1042,0
2002-09-21,1008,0
2002-09-22,1059,0
2002-09-23,1106,0
2002-09-24,955,0
2002-09-25,992,0
2002-09-26,1024,0
2002-09-27,1034,0
2002-09-28,1031,0
2002-09-29,1026,0
2002-09-30,998,0
2002-10-01,1034,0
2002-10-02,943,0
2002-10-03,1065,0
2002-10-04,1015,0
2002-10-05,1066,0
2002-10-06,1055,0
2002-10-07,1138,0
2002-10-08,990,0
2002-10-09,1010,0
2002-10-10,1099,0
2002-10-11,1099,0
2002-10-12,1081,0
2002-10-13,1130,0
2002-10-14,1117,0
2002-10-15,948,0
2002-10-16,1015,0
2002-10-17,1018,0
2002-10-18,1082,0
2002-10-19,1116,0
2002-10-20,1036,0
2002-10-21,1105,0
2002-10-22,998,0
2002-10-23,980,0
2002-10-24,1082,0
2002-10-25,1103,0
2002-10-26,1051,0
2002-10-27,1115,0
2002-10-28,1045,0
2002-10-29,1023,0
2002-10-30,982,0
2002-10-31,1069,0
2002-11-01,1145,0
2002-11-02,1080,6
2002-11-03,1166,9
2002-11-04,1065,0
2002-11-05,993,0
2002-11-06,966,0
2002-11-07,1058,0
2002-11-08,1037,2
2002-11-09,1140,0
2002-11-10,1080,2
2002-11-11,1104,0
2002-11-12,1068,0
2002-11-13,1041,2
2002-11-14,1042,4
2002-11-15,1045,0
2002-11-16,1045,5
2002-11-17,1082,9
2002-11-18,1166,0
2002-11-19,1057,0
2002-11-20,1026,6
2002-11-21,1099,2
2002-11-22,1061,0
2002-11-23,1077,4
2002-11-24,1074,2
2002-11-25,1065,0
2002-11-26,1004,0
2002-11-27,982,0
2002-11-28,1046,0
2002-11-29,1083,0
2002-11-30,1084,0
2002-12-01,1071,0
2002-12-02,1199,0
2002-12-03,1019,0
2002-12-04,1032,1
2002-12-05,1092,1
2002-12-06,1147,2
2002-12-07,1143,3
2002-12-08,1125,2
2002-12-09,1139,0
2002-12-10,999,2
2002-12-11,1098,3
2002-12-12,1099,6
2002-12-13,1148,0
2002-12-14,1116,0
2002-12-15,1194,0
2002-12-16,1141,0
2002-12-17,1016,2
2002-12-18,1071,4
2002-12-19,1069,2
2002-12-20,1138,1
2002-12-21,1129,12
2002-12-22,1085,5
2002-12-23,1152,0
2002-12-24,1027,2
2002-12-25,1190,7
2002-12-26,1147,4
2002-12-27,1084,0
2002-12-28,1141,7
2002-12-29,1135,1
2002-12-30,1105,0
2002-12-31,1003,0
2003-01-01,1230,0
2003-01-02,1021,9
2003-01-03,1168,6
2003-01-04,1080,0
2003-01-05,1150,0
2003-01-06,1138,0
2003-01-07,1044,0
2003-01-08,1057,0
2003-01-09,1106,0
2003-01-10,1160,0
2003-01-11,1099,0
2003-01-12,1121,0
2003-01-13,1158,0
2003-01-14,1170,0
2003-01-15,1023,0
2003-01-16,1006,0
2003-01-17,1167,0
2003-01-18,1179,0
2003-01-19,1157,0
2003-01-20,1193,0
2003-01-21,1138,0
2003-01-22,1031,0
2003-01-23,1083,0
2003-01-24,1196,0
2003-01-25,1116,0
2003-01-26,1117,0
2003-01-27,1142,0
2003-01-28,1176,0
2003-01-29,986,0
2003-01-30,1093,0
2003-01-31,1089,6
2003-02-01,1238,2
2003-02-02,1224,4
2003-02-03,1244,13
2003-02-04,1162,0
2003-02-05,1116,2
2003-02-06,1110,13
2003-02-07,1209,3
2003-02-08,1188,2
2003-02-09,1241,0
2003-02-10,1183,0
2003-02-11,1206,0
2003-02-12,1070,0
2003-02-13,1076,0
2003-02-14,1224,0
2003-02-15,1165,0
2003-02-16,1188,0
2003-02-17,1233,0
2003-02-18,1186,0
2003-02-19,1046,0
2003-02-20,1081,2
2003-02-21,1213,4
2003-02-22,1158,0
2003-02-23,1240,3
2003-02-24,1197,0
2003-02-25,1223,0
2003-02-26,1067,0
2003-02-27,1110,0
2003-02-28,1247,0
2003-03-01,1239,0
2003-03-02,1229,0
2003-03-03,1205,2
2003-03-04,1240,0
2003-03-05,1121,0
2003-03-06,1112,5
2003-03-07,1226,0
2003-03-08,1193,0
2003-03-09,1221,0
2003-03-10,1150,0
2003-03-11,1204,0
2003-03-12,1078,0
2003-03-13,1180,5
2003-03-14,1210,14
2003-03-15,1297,0
2003-03-16,1210,7
2003-03-17,1261,1
2003-03-18,1257,0
2003-03-19,1077,0
2003-03-20,1109,0
2003-03-21,1193,0
2003-03-22,1161,0
2003-03-23,1229,0
2003-03-24,1250,0
2003-03-25,1201,0
2003-03-26,1084,0
2003-03-27,1156,0
2003-03-28,1212,0
2003-03-29,1195,0
2003-03-30,1198,0
2003-03-31,1218,0
2003-04-01,1163,0
2003-04-02,1125,0
2003-04-03,1165,6
2003-04-04,1246,4
2003-04-05,1217,0
2003-04-06,1204,0
2003-04-07,1234,2
2003-04-08,1222,0
2003-04-09,1134,1
2003-04-10,1148,6
2003-04-11,1232,1
2003-04-12,1279,0
2003-04-13,1297,0
2003-04-14,1271,0
2003-04-15,1280,0
2003-04-16,1149,0
2003-04-17,1145,0
2003-04-18,1214,0
2003-04-19,1223,0
2003-04-20,1147,0
2003-04-21,1244,0
2003-04-22,1298,0
2003-04-23,1135,0
2003-04-24,1117,4
2003-04-25,1235,2
2003-04-26,1259,0
2003-04-27,1208,0
2003-04-28,1248,0
2003-04-29,1309,0
2003-04-30,1141,0
2003-05-01,1109,0
2003-05-02,1283,7
2003-05-03,1283,0
2003-05-04,1309,2
2003-05-05,1305,0
2003-05-06,1247,0
2003-05-07,1124,2
2003-05-08,1150,0
2003-05-09,1280,0
2003-05-10,1213,0
2003-05-11,1188,0
2003-05-12,1262,5
2003-05-13,1270,0
2003-05-14,1130,0
2003-05-15,1160,4
2003-05-16,1229,9
2003-05-17,1293,0
2003-05-18,1271,4
2003-05-19,1313,0
2003-05-20,1272,0
2003-05-21,1074,0
2003-05-22,1170,3
2003-05-23,1257,6
2003-05-24,1211,0
2003-05-25,1285,11
2003-05-26,1329,11
2003-05-27,1268,0
2003-05-28,1140,0
2003-05-29,1089,11
2003-05-30,1327,14
2003-05-31,1299,0
2003-06-01,1316,2
2003-06-02,1234,4
2003-06-03,1285,0
2003-06-04,1152,1
2003-06-05,1210,13
2003-06-06,1212,0
2003-06-07,1289,0
2003-06-08,1297,4
2003-06-09,1339,0
2003-06-10,1227,0
2003-06-11,1149,0
2003-06-12,1168,2
2003-06-13,1333,0
2003-06-14,1279,0
2003-06-15,1298,1
2003-06-16,1298,4
2003-06-17,1337,0
2003-06-18,1069,0
2003-06-19,1251,2
2003-06-20,1318,6
2003-06-21,1304,0
2003-06-22,1359,4
2003-06-23,1302,0
2003-06-24,1323,0
2003-06-25,1153,0
2003-06-26,1156,2
2003-06-27,1281,0
2003-06-28,1274,0
2003-06-29,1226,0
2003-06-30,1331,0
2003-07-01,1377,0
2003-07-02,1204,0
2003-07-03,1231,2
2003-07-04,1353,4
2003-07-05,1363,2
2003-07-06,1314,4
2003-07-07,1310,0
2003-07-08,1319,0
2003-07-09,1231,0
2003-07-10,1269,0
2003-07-11,1322,0
2003-07-12,1383,0
2003-07-13,1283,0
2003-07-14,1314,0
2003-07-15,1345,0
2003-07-16,1160,0
2003-07-17,1232,0
2003-07-18,1314,0
2003-07-19,1372,0
2003-07-20,1348,0
2003-07-21,1267,0
2003-07-22,1343,0
2003-07-23,1166,0
2003-07-24,1232,0
2003-07-25,1284,0
2003-07-26,1299,0
2003-07-27,1302,0
2003-07-28,1286,0
2003-07-29,1311,0
2003-07-30,1238,0
2003-07-31,1250,0
2003-08-01,1307,0
2003-08-02,1325,0
2003-08-03,1305,0
2003-08-04,1351,0
2003-08-05,1363,0
2003-08-06,1138,0
2003-08-07,1334,0
2003-08-08,1334,0
2003-08-09,1302,0
2003-08-10,1371,0
2003-08-11,1279,0
2003-08-12,1421,0
2003-08-13,1206,0
2003-08-14,1259,0
2003-08-15,1318,0
2003-08-16,1386,0
2003-08-17,1297,0
2003-08-18,1392,0
2003-08-19,1293,0
2003-08-20,1208,0
2003-08-21,1303,0
2003-08-22,1324,0
2003-08-23,1350,0
2003-08-24,1406,0
2003-08-25,1322,0
2003-08-26,1387,0
2003-08-27,1251,0
2003-08-28,1275,0
2003-08-29,1391,0
2003-08-30,1371,0
2003-08-31,1287,0
2003-09-01,1402,0
2003-09-02,1382,0
2003-09-03,1188,0
2003-09-04,1294,0
2003-09-05,1314,0
2003-09-06,1418,0
2003-09-07,1398,0
2003-09-08,1341,0
2003-09-09,1397,0
2003-09-10,1223,0
2003-09-11,1244,0
2003-09-12,1301,0
2003-09-13,1399,0
2003-09-14,1378,0
2003-09-15,1436,0
2003-09-16,1397,0
2003-09-17,1280,0
2003-09-18,1359,0
2003-09-19,1395,0
2003-09-20,1359,0
2003-09-21,1363,0
2003-09-22,1380,0
2003-09-23,1429,0
2003-09-24,1142,0
2003-09-25,1234,0
2003-09-26,1305,0
2003-09-27,1452,0
2003-09-28,1320,0
2003-09-29,1378,0
2003-09-30,1370,0
2003-10-01,1302,0
2003-10-02,1358,0
2003-10-03,1403,0
2003-10-04,1484,0
2003-10-05,1448,0
2003-10-06,1418,0
2003-10-07,1408,0
2003-10-08,1268,0
2003-10-09,1255,0
2003-10-10,1339,0
2003-10-11,1402,0
2003-10-12,1387,0
2003-10-13,1437,0
2003-10-14,1440,0
2003-10-15,1214,0
2003-10-16,1345,0
2003-10-17,1331,0
2003-10-18,1375,0
2003-10-19,1458,0
2003-10-20,1447,0
2003-10-21,1456,0
2003-10-22,1263,0
2003-10-23,1345,0
2003-10-24,1403,0
2003-10-25,1438,0
2003-10-26,1457,0
2003-10-27,1349,0
2003-10-28,1449,0
2003-10-29,1336,0
2003-10-30,1292,0
2003-10-31,1396,0
2003-11-01,1385,0
2003-11-02,1496,0
2003-11-03,1446,0
2003-11-04,1492,0
2003-11-05,1311,0
2003-11-06,1339,0
2003-11-07,1394,0
2003-11-08,1382,0
2003-11-09,1421,0
2003-11-10,1402,0
2003-11-11,1503,0
2003-11-12,1306,0
2003-11-13,1261,0
2003-11-14,1412,0
2003-11-15,1391,0
2003-11-16,1481,0
2003-11-17,1421,0
2003-11-18,1452,0
2003-11-19,1250,0
2003-11-20,1254,0
2003-11-21,1442,0
2003-11-22,1416,0
2003-11-23,1428,0
2003-11-24,1415,0
2003-11-25,1447,0
2003-11-26,1260,0
2003-11-27,1316,0
2003-11-28,1476,0
2003-11-29,1438,0
2003-11-30,1447,0
2003-12-01,1422,0
2003-12-02,1417,1
2003-12-03,1285,0
2003-12-04,1351,0
2003-12-05,1431,0
2003-12-06,1389,0
2003-12-07,1503,0
2003-12-08,1541,3
2003-12-09,1506,0
2003-12-10,1303,0
2003-12-11,1372,2
2003-12-12,1370,0
2003-12-13,1476,0
2003-12-14,1495,3
2003-12-15,1485,5
2003-12-16,1444,2
2003-12-17,1255,0
2003-12-18,1346,3
2003-12-19,1422,0
2003-12-20,1510,0
2003-12-21,1484,3
2003-12-22,1450,6
2003-12-23,1532,3
2003-12-24,1300,0
2003-12-25,1419,3
2003-12-26,1451,0
2003-12-27,1436,0
2003-12-28,1463,0
2003-12-29,1485,0
2003-12-30,1507,0
2003-12-31,1261,2
2004-01-01,1537,0
2004-01-02,1344,0
2004-01-03,1480,0
2004-01-04,1495,0
2004-01-05,1435,0
2004-01-06,1501,3
2004-01-07,1521,2
2004-01-08,1379,0
2004-01-09,1377,0
2004-01-10,1487,0
2004-01-11,1506,0
2004-01-12,1476,0
2004-01-13,1493,0
2004-01-14,1567,0
2004-01-15,1409,0
2004-01-16,1455,3
2004-01-17,1471,0
2004-01-18,1426,0
2004-01-19,1507,8
2004-01-20,1481,5
2004-01-21,1517,0
2004-01-22,1354,0
2004-01-23,1412,1
2004-01-24,1517,0
2004-01-25,1500,0
2004-01-26,1520,2
2004-01-27,1519,3
2004-01-28,1536,6
2004-01-29,1294,0
2004-01-30,1475,7
2004-01-31,1482,2
2004-02-01,1577,0
2004-02-02,1554,8
2004-02-03,1421,3
2004-02-04,1500,3
2004-02-05,1378,0
2004-02-06,1369,1
2004-02-07,1455,0
2004-02-08,1484,0
2004-02-09,1542,3
2004-02-10,1468,3
2004-02-11,1488,2
2004-02-12,1330,0
2004-02-13,1343,0
2004-02-14,1568,0
2004-02-15,1521,0
2004-02-16,1513,1
2004-02-17,1560,1
2004-02-18,1593,9
2004-02-19,1358,0
2004-02-20,1446,4
2004-02-21,1538,0
2004-02-22,1533,0
2004-02-23,1532,1
2004-02-24,1560,3
2004-02-25,1533,1
2004-02-26,1364,0
2004-02-27,1363,0
2004-02-28,1505,0
2004-02-29,4,0
2004-03-01,1512,2
2004-03-02,1603,5
2004-03-03,1563,2
2004-03-04,1404,0
2004-03-05,1430,5
2004-03-06,1618,0
2004-03-07,1488,0
2004-03-08,1485,4
2004-03-09,1531,3
2004-03-10,1610,7
2004-03-11,1468,0
2004-03-12,1362,4
2004-03-13,1512,2
2004-03-14,1593,0
2004-03-15,1594,3
2004-03-16,1522,5
2004-03-17,1515,1
2004-03-18,1447,0
2004-03-19,1435,3
2004-03-20,1512,2
2004-03-21,1495,0
2004-03-22,1614,3
2004-03-23,1545,3
2004-03-24,1611,5
2004-03-25,1406,0
2004-03-26,1356,2
2004-03-27,1521,0
2004-03-28,1547,0
2004-03-29,1563,2
2004-03-30,1515,3
2004-03-31,1563,2
2004-04-01,1426,0
2004-04-02,1489,2
2004-04-03,1526,0
2004-04-04,1616,0
2004-04-05,1558,2
2004-04-06,1541,7
2004-04-07,1599,2
2004-04-08,1465,0
2004-04-09,1508,1
2004-04-10,1517,0
2004-04-11,1588,0
2004-04-12,1538,2
2004-04-13,1559,1
2004-04-14,1590,0
2004-04-15,1494,2
2004-04-16,1477,2
2004-04-17,1533,0
2004-04-18,1541,0
2004-04-19,1621,3
2004-04-20,1530,3
2004-04-21,1688,2
2004-04-22,1404,0
2004-04-23,1410,2
2004-04-24,1566,2
2004-04-25,1611,2
2004-04-26,1568,3
2004-04-27,1557,2
2004-04-28,1567,5
2004-04-29,1367,0
2004-04-30,1476,2
2004-05-01,1584,0
2004-05-02,1580,0
2004-05-03,1619,1
2004-05-04,1554,1
2004-05-05,1655,1
2004-05-06,1462,0
2004-05-07,1448,3
2004-05-08,1567,0
2004-05-09,1610,0
2004-05-10,1622,0
2004-05-11,1580,3
2004-05-12,1619,2
2004-05-13,1381,0
2004-05-14,1468,1
2004-05-15,1625,0
2004-05-16,1647,0
2004-05-17,1611,2
2004-05-18,1565,2
2004-05-19,1637,0
2004-05-20,1446,0
2004-05-21,1546,2
2004-05-22,1513,0
2004-05-23,1644,0
2004-05-24,1636,1
2004-05-25,1619,1
2004-05-26,1588,1
2004-05-27,1466,0
2004-05-28,1528,0
2004-05-29,1594,0
2004-05-30,1564,0
2004-05-31,1612,1
2004-06-01,1574,3
2004-06-02,1628,4
2004-06-03,1481,0
2004-06-04,1468,7
2004-06-05,1642,0
2004-06-06,1657,0
2004-06-07,1662,1
2004-06-08,1642,5
2004-06-09,1645,0
2004-06-10,1506,0
2004-06-11,1528,1
2004-06-12,1633,0
2004-06-13,1647,0
2004-06-14,1767,5
2004-06-15,1651,8
2004-06-16,1657,1
2004-06-17,1444,0
2004-06-18,1478,2
2004-06-19,1633,0
2004-06-20,1705,0
2004-06-21,1694,7
2004-06-22,1761,9
2004-06-23,1725,3
2004-06-24,1475,0
2004-06-25,1597,4
2004-06-26,1667,0
2004-06-27,1633,0
2004-06-28,1653,8
2004-06-29,1684,6
2004-06-30,1720,4
2004-07-01,1573,0
2004-07-02,1607,10
2004-07-03,1693,2
2004-07-04,1667,0
2004-07-05,1621,3
2004-07-06,1663,0
2004-07-07,1716,7
2004-07-08,1504,4
2004-07-09,1604,7
2004-07-10,1646,0
2004-07-11,1682,0
2004-07-12,1708,1
2004-07-13,1701,0
2004-07-14,1747,0
2004-07-15,1521,0
2004-07-16,1641,2
2004-07-17,1683,0
2004-07-18,1749,0
2004-07-19,1650,2
2004-07-20,1648,1
2004-07-21,1776,2
2004-07-22,1542,0
2004-07-23,1577,0
2004-07-24,1693,0
2004-07-25,1606,0
2004-07-26,1748,0
2004-07-27,1704,0
2004-07-28,1739,2
2004-07-29,1492,0
2004-07-30,1510,1
2004-07-31,1673,0
2004-08-01,1673,0
2004-08-02,1672,0
2004-08-03,1761,0
2004-08-04,1778,0
2004-08-05,1605,0
2004-08-06,1597,0
2004-08-07,1658,0
2004-08-08,1677,0
2004-08-09,1732,9
2004-08-10,1741,3
2004-08-11,1770,2
2004-08-12,1539,0
2004-08-13,1650,5
2004-08-14,1722,0
2004-08-15,1757,0
2004-08-16,1701,5
2004-08-17,1714,3
2004-08-18,1780,10
2004-08-19,1560,0
2004-08-20,1534,9
2004-08-21,1743,0
2004-08-22,1699,0
2004-08-23,1717,9
2004-08-24,1750,9
2004-08-25,1791,7
2004-08-26,1570,0
2004-08-27,1615,1
2004-08-28,1704,0
2004-08-29,1754,0
2004-08-30,1723,4
2004-08-31,1742,0
2004-09-01,1796,1
2004-09-02,1560,0
2004-09-03,1634,1
2004-09-04,1805,0
2004-09-05,1738,0
2004-09-06,1765,3
2004-09-07,1822,2
2004-09-08,1800,0
2004-09-09,1603,0
2004-09-10,1626,0
2004-09-11,1794,0
2004-09-12,1674,0
2004-09-13,1739,0
2004-09-14,1807,1
2004-09-15,1810,0
2004-09-16,1581,0
2004-09-17,1629,4
2004-09-18,1753,0
2004-09-19,1784,0
2004-09-20,1748,1
2004-09-21,1743,1
2004-09-22,1742,0
2004-09-23,1613,0
2004-09-24,1567,0
2004-09-25,1879,0
2004-09-26,1774,0
2004-09-27,1680,0
2004-09-28,1805,2
2004-09-29,1881,3
2004-09-30,1604,0
2004-10-01,1628,3
2004-10-02,1796,0
2004-10-03,1821,0
2004-10-04,1755,5
2004-10-05,1833,4
2004-10-06,1810,6
2004-10-07,1638,0
2004-10-08,1649,7
2004-10-09,1731,0
2004-10-10,1780,2
2004-10-11,1804,3
2004-10-12,1879,0
2004-10-13,1931,4
2004-10-14,1620,0
2004-10-15,1624,3
2004-10-16,1874,0
2004-10-17,1849,0
2004-10-18,1892,2
2004-10-19,1741,3
2004-10-20,1831,2
2004-10-21,1659,0
2004-10-22,1694,0
2004-10-23,1740,0
2004-10-24,1837,1
2004-10-25,1870,12
2004-10-26,1772,11
2004-10-27,1866,4
2004-10-28,1652,4
2004-10-29,1715,2
2004-10-30,1790,0
2004-10-31,1790,0
2004-11-01,1829,5
2004-11-02,1939,8
2004-11-03,1840,8
2004-11-04,1693,0
2004-11-05,1666,1
2004-11-06,1848,0
2004-11-07,1823,0
2004-11-08,1852,2
2004-11-09,1804,3
2004-11-10,1836,0
2004-11-11,1630,0
2004-11-12,1661,1
2004-11-13,1875,0
2004-11-14,1877,0
2004-11-15,1826,0
2004-11-16,1890,0
2004-11-17,1843,1
2004-11-18,1599,0
2004-11-19,1714,8
2004-11-20,1809,0
2004-11-21,1884,0
2004-11-22,1831,6
2004-11-23,1835,6
2004-11-24,1884,8
2004-11-25,1666,0
2004-11-26,1644,3
2004-11-27,1816,0
2004-11-28,1817,0
2004-11-29,1882,7
2004-11-30,1777,4
2004-12-01,1852,5
2004-12-02,1669,0
2004-12-03,1750,3
2004-12-04,1924,0
2004-12-05,1841,0
2004-12-06,1783,2
2004-12-07,1859,3
2004-12-08,1838,5
2004-12-09,1681,0
2004-12-10,1690,0
2004-12-11,1885,0
2004-12-12,1901,0
2004-12-13,1873,4
2004-12-14,1812,5
2004-12-15,1865,5
2004-12-16,1661,0
2004-12-17,1775,0
2004-12-18,1930,0
2004-12-19,1871,0
2004-12-20,1865,0
2004-12-21,1779,0
2004-12-22,1811,0
2004-12-23,1679,0
2004-12-24,1703,0
2004-12-25,1845,0
2004-12-26,1779,0
2004-12-27,1842,0
2004-12-28,1795,0
2004-12-29,1926,0
2004-12-30,1708,0
2004-12-31,1791,0
2005-01-01,1938,0
2005-01-02,1635,0
2005-01-03,1963,0
2005-01-04,1962,0
2005-01-05,1889,0
2005-01-06,1922,0
2005-01-07,1950,0
2005-01-08,1676,0
2005-01-09,1745,0
2005-01-10,1879,0
2005-01-11,1938,0
2005-01-12,1855,0
2005-01-13,1883,0
2005-01-14,1881,0
2005-01-15,1654,0
2005-01-16,1734,0
2005-01-17,1869,0
2005-01-18,1880,0
2005-01-19,1989,0
2005-01-20,1960,0
2005-01-21,1973,0
2005-01-22,1747,0
2005-01-23,1735,0
2005-01-24,1920,0
2005-01-25,1967,0
2005-01-26,1857,0
2005-01-27,1948,0
2005-01-28,1898,0
2005-01-29,1739,0
2005-01-30,1762,0
2005-01-31,1942,0
2005-02-01,1915,0
2005-02-02,1917,0
2005-02-03,1938,0
2005-02-04,1928,0
2005-02-05,1718,0
2005-02-06,1697,0
2005-02-07,1921,0
2005-02-08,1907,0
2005-02-09,1977,0
2005-02-10,1979,0
2005-02-11,1984,0
2005-02-12,1799,0
2005-02-13,1744,0
2005-02-14,1935,0
2005-02-15,1943,0
2005-02-16,1929,0
2005-02-17,1965,0
2005-02-18,1989,0
2005-02-19,1777,0
2005-02-20,1748,0
2005-02-21,1953,0
2005-02-22,1943,0
2005-02-23,1951,0
2005-02-24,1892,0
2005-02-25,1911,0
2005-02-26,1746,0
2005-02-27,1855,0
2005-02-28,1939,0
2005-03-01,1947,0
2005-03-02,2022,0
2005-03-03,2013,0
2005-03-04,1949,0
2005-03-05,1786,0
2005-03-06,1977,0
2005-03-07,1896,0
2005-03-08,1929,0
2005-03-09,1917,0
2005-03-10,1933,0
2005-03-11,1976,0
2005-03-12,1794,0
2005-03-13,1807,0
2005-03-14,1924,0
2005-03-15,1941,0
2005-03-16,2012,0
2005-03-17,1928,0
2005-03-18,2016,0
2005-03-19,1740,0
2005-03-20,1781,0
2005-03-21,2020,0
2005-03-22,2012,0
2005-03-23,1999,0
2005-03-24,1928,0
2005-03-25,1967,0
2005-03-26,1776,0
2005-03-27,1845,0
2005-03-28,1950,0
2005-03-29,2000,0
2005-03-30,1920,0
2005-03-31,2029,0
2005-04-01,2084,0
2005-04-02,1736,0
2005-04-03,1818,0
2005-04-04,2048,0
2005-04-05,2004,0
2005-04-06,2016,0
2005-04-07,2025,0
2005-04-08,1963,0
2005-04-09,1791,0
2005-04-10,1835,0
2005-04-11,1999,0
2005-04-12,2003,0
2005-04-13,1996,0
2005-04-14,2023,0
2005-04-15,1981,0
2005-04-16,1732,0
2005-04-17,1797,0
2005-04-18,1988,0
2005-04-19,1993,0
2005-04-20,2059,0
2005-04-21,2110,0
2005-04-22,1982,0
2005-04-23,1813,0
2005-04-24,1921,0
2005-04-25,2018,0
2005-04-26,2031,0
2005-04-27,2032,0
2005-04-28,1935,0
2005-04-29,2112,0
2005-04-30,1784,0
2005-05-01,1887,0
2005-05-02,2084,0
2005-05-03,2039,0
2005-05-04,2017,0
2005-05-05,2060,0
2005-05-06,2124,0
2005-05-07,1910,0
2005-05-08,1917,0
2005-05-09,1990,0
2005-05-10,2106,0
2005-05-11,2020,0
2005-05-12,2105,4
2005-05-13,2093,0
2005-05-14,1863,0
2005-05-15,1916,0
2005-05-16,1973,0
2005-05-17,1966,0
2005-05-18,1989,4
2005-05-19,2105,2
2005-05-20,2126,0
2005-05-21,1952,0
2005-05-22,1855,0
2005-05-23,2061,0
2005-05-24,2003,0
2005-05-25,2050,10
2005-05-26,1999,2
2005-05-27,2079,0
2005-05-28,1795,0
2005-05-29,1946,0
2005-05-30,2068,0
2005-05-31,2012,0
2005-06-01,2092,5
2005-06-02,2039,0
2005-06-03,2131,0
2005-06-04,1916,0
2005-06-05,2027,0
2005-06-06,1991,0
2005-06-07,2067,0
2005-06-08,2083,0
2005-06-09,2052,0
2005-06-10,2043,0
2005-06-11,1855,0
2005-06-12,1961,0
2005-06-13,2064,0
2005-06-14,2037,0
2005-06-15,2094,0
2005-06-16,2061,0
2005-06-17,2095,0
2005-06-18,1834,0
2005-06-19,1960,0
2005-06-20,2137,0
2005-06-21,2107,0
2005-06-22,2127,0
2005-06-23,2069,0
2005-06-24,2156,0
2005-06-25,1802,0
2005-06-26,1915,0
2005-06-27,2084,0
2005-06-28,2002,0
2005-06-29,2176,0
2005-06-30,2030,0
2005-07-01,2192,0
2005-07-02,1952,0
2005-07-03,1950,0
2005-07-04,2156,0
2005-07-05,2000,0
2005-07-06,2127,0
2005-07-07,2129,0
2005-07-08,2132,0
2005-07-09,1911,0
2005-07-10,1959,0
2005-07-11,2167,0
2005-07-12,2165,0
2005-07-13,2056,0
2005-07-14,2116,0
2005-07-15,2156,0
2005-07-16,1974,0
2005-07-17,2005,0
2005-07-18,2133,0
2005-07-19,2129,0
2005-07-20,2165,0
2005-07-21,2106,0
2005-07-22,2048,0
2005-07-23,1889,0
2005-07-24,1968,0
2005-07-25,2145,0
2005-07-26,2184,0
2005-07-27,2093,0
2005-07-28,2149,0
2005-07-29,2105,0
2005-07-30,1838,0
2005-07-31,2004,0
2005-08-01,2059,0
2005-08-02,2130,0
2005-08-03,2164,0
2005-08-04,2234,0
2005-08-05,2132,0
2005-08-06,1937,0
2005-08-07,1966,0
2005-08-08,2195,0
2005-08-09,2177,0
2005-08-10,2179,0
2005-08-11,2217,0
2005-08-12,2217,0
2005-08-13,1951,0
2005-08-14,2099,0
2005-08-15,2157,0
2005-08-16,2144,0
2005-08-17,2185,0
2005-08-18,2093,0
2005-08-19,2162,0
2005-08-20,2060,0
2005-08-21,2008,0
2005-08-22,2243,4
2005-08-23,2184,0
2005-08-24,2110,0
2005-08-25,2191,0
2005-08-26,2157,0
2005-08-27,1901,0
2005-08-28,1910,0
2005-08-29,2135,2
2005-08-30,2127,0
2005-08-31,2186,2
2005-09-01,2155,0
2005-09-02,2210,0
2005-09-03,1864,0
2005-09-04,1930,0
2005-09-05,2208,4
2005-09-06,2176,0
2005-09-07,2069,3
2005-09-08,2148,0
2005-09-09,2183,0
2005-09-10,1978,0
2005-09-11,1983,0
2005-09-12,2226,3
2005-09-13,2174,0
2005-09-14,2156,4
2005-09-15,2250,0
2005-09-16,2193,0
2005-09-17,2005,0
2005-09-18,2025,0
2005-09-19,2253,0
2005-09-20,2224,0
2005-09-21,2219,0
2005-09-22,2129,0
2005-09-23,2289,0
2005-09-24,1935,0
2005-09-25,1990,0
2005-09-26,2166,2
2005-09-27,2216,0
2005-09-28,2193,3
2005-09-29,2101,0
2005-09-30,2177,0
2005-10-01,2039,0
2005-10-02,2084,0
2005-10-03,2175,0
2005-10-04,2185,0
2005-10-05,2183,6
2005-10-06,2179,0
2005-10-07,2259,0
2005-10-08,2014,0
2005-10-09,2077,0
2005-10-10,2248,2
2005-10-11,2180,0
2005-10-12,2217,2
2005-10-13,2186,0
2005-10-14,2150,0
2005-10-15,1980,0
2005-10-16,2078,0
2005-10-17,2155,2
2005-10-18,2170,0
2005-10-19,2140,6
2005-10-20,2207,0
2005-10-21,2239,1
2005-10-22,2029,0
2005-10-23,1963,0
2005-10-24,2226,5
2005-10-25,2241,0
2005-10-26,2195,3
2005-10-27,2292,0
2005-10-28,2238,0
2005-10-29,1990,0
2005-10-30,2023,0
2005-10-31,2301,2
2005-11-01,2230,0
2005-11-02,2198,6
2005-11-03,2211,0
2005-11-04,2270,0
2005-11-05,2018,0
2005-11-06,2062,0
2005-11-07,2307,9
2005-11-08,2243,0
2005-11-09,2220,7
2005-11-10,2178,0
2005-11-11,2228,0
2005-11-12,2029,0
2005-11-13,2052,0
2005-11-14,2247,4
2005-11-15,2187,0
2005-11-16,2182,3
2005-11-17,2173,0
2005-11-18,2159,0
2005-11-19,2027,0
2005-11-20,1994,0
2005-11-21,2269,11
2005-11-22,2274,0
2005-11-23,2265,4
2005-11-24,2230,0
2005-11-25,2235,0
2005-11-26,2048,0
2005-11-27,2113,2
2005-11-28,2228,9
2005-11-29,2254,0
2005-11-30,2274,7
2005-12-01,2252,0
2005-12-02,2363,0
2005-12-03,2025,0
2005-12-04,2176,0
2005-12-05,2338,19
2005-12-06,2266,0
2005-12-07,2148,3
2005-12-08,2259,1
2005-12-09,2273,0
2005-12-10,2018,0
2005-12-11,2113,0
2005-12-12,2285,4
2005-12-13,2268,0
2005-12-14,2198,1
2005-12-15,2273,0
2005-12-16,2214,0
2005-12-17,2038,0
2005-12-18,2164,0
2005-12-19,2256,3
2005-12-20,2190,0
2005-12-21,2267,3
2005-12-22,2314,1
2005-12-23,2329,1
2005-12-24,2024,0
2005-12-25,2338,0
2005-12-26,2297,13
2005-12-27,2350,4
2005-12-28,2315,20
2005-12-29,2295,7
2005-12-30,2284,4
2005-12-31,2067,0
2006-01-01,2371,1
2006-01-02,2093,0
2006-01-03,2400,10
2006-01-04,2435,10
2006-01-05,2355,4
2006-01-06,2341,5
2006-01-07,2357,3
2006-01-08,2108,0
2006-01-09,2236,0
2006-01-10,2449,11
2006-01-11,2275,0
2006-01-12,2338,8
2006-01-13,2312,1
2006-01-14,2318,2
2006-01-15,2041,0
2006-01-16,2140,0
2006-01-17,2314,18
2006-01-18,2286,3
2006-01-19,2371,6
2006-01-20,2339,5
2006-01-21,2314,0
2006-01-22,2102,1
2006-01-23,2176,0
2006-01-24,2280,7
2006-01-25,2381,5
2006-01-26,2326,3
2006-01-27,2371,10
2006-01-28,2403,3
2006-01-29,2116,1
2006-01-30,2241,0
2006-01-31,2324,7
2006-02-01,2409,3
2006-02-02,2321,15
2006-02-03,2445,3
2006-02-04,2510,0
2006-02-05,2226,0
2006-02-06,2217,0
2006-02-07,2354,16
2006-02-08,2419,6
2006-02-09,2429,14
2006-02-10,2416,6
2006-02-11,2423,6
2006-02-12,2088,0
2006-02-13,2228,0
2006-02-14,2409,15
2006-02-15,2422,10
2006-02-16,2407,17
2006-02-17,2430,7
2006-02-18,2442,9
2006-02-19,2164,2
2006-02-20,2232,0
2006-02-21,2376,16
2006-02-22,2414,10
2006-02-23,2440,9
2006-02-24,2371,4
2006-02-25,2272,4
2006-02-26,2156,0
2006-02-27,2218,1
2006-02-28,2442,10
2006-03-01,2486,5
2006-03-02,2404,11
2006-03-03,2354,2
2006-03-04,2505,4
2006-03-05,2187,0
2006-03-06,2224,0
2006-03-07,2395,11
2006-03-08,2407,8
2006-03-09,2434,7
2006-03-10,2500,2
2006-03-11,2421,3
2006-03-12,2289,0
2006-03-13,2254,0
2006-03-14,2354,8
2006-03-15,2450,2
2006-03-16,2477,7
2006-03-17,2559,3
2006-03-18,2391,5
2006-03-19,2100,0
2006-03-20,2235,0
2006-03-21,2456,19
2006-03-22,2439,3
2006-03-23,2462,13
2006-03-24,2445,0
2006-03-25,2442,3
2006-03-26,2214,0
2006-03-27,2261,0
2006-03-28,2470,20
2006-03-29,2407,3
2006-03-30,2393,14
2006-03-31,2502,5
2006-04-01,2511,2
2006-04-02,2174,2
2006-04-03,2217,1
2006-04-04,2564,12
2006-04-05,2415,2
2006-04-06,2427,16
2006-04-07,2465,3
2006-04-08,2449,3
2006-04-09,2180,0
2006-04-10,2286,0
2006-04-11,2479,8
2006-04-12,2402,3
2006-04-13,2425,4
2006-04-14,2481,1
2006-04-15,2506,3
2006-04-16,2146,0
2006-04-17,2254,0
2006-04-18,2414,6
2006-04-19,2402,4
2006-04-20,2447,8
2006-04-21,2485,3
2006-04-22,2496,4
2006-04-23,2232,0
2006-04-24,2261,0
2006-04-25,2451,12
2006-04-26,2461,3
2006-04-27,2442,10
2006-04-28,2447,5
2006-04-29,2475,7
2006-04-30,2219,0
2006-05-01,2358,0
2006-05-02,2507,11
2006-05-03,2444,7
2006-05-04,2495,8
2006-05-05,2516,8
2006-05-06,2445,1
2006-05-07,2245,0
2006-05-08,2276,0
2006-05-09,2456,6
2006-05-10,2551,2
2006-05-11,2496,14
2006-05-12,2534,0
2006-05-13,2502,2
2006-05-14,2203,0
2006-05-15,2400,0
2006-05-16,2522,7
2006-05-17,2484,2
2006-05-18,2454,11
2006-05-19,2494,2
2006-05-20,2541,5
2006-05-21,2185,0
2006-05-22,2249,0
2006-05-23,2492,4
2006-05-24,2422,4
2006-05-25,2504,11
2006-05-26,2425,7
2006-05-27,2529,2
2006-05-28,2255,0
2006-05-29,2332,0
2006-05-30,2443,5
2006-05-31,2476,1
2006-06-01,2444,4
2006-06-02,2553,0
2006-06-03,2522,1
2006-06-04,2258,0
2006-06-05,2377,0
2006-06-06,2557,26
2006-06-07,2558,2
2006-06-08,2503,21
2006-06-09,2572,4
2006-06-10,2562,0
2006-06-11,2265,2
2006-06-12,2348,0
2006-06-13,2566,17
2006-06-14,2477,1
2006-06-15,2501,6
2006-06-16,2561,3
2006-06-17,2585,6
2006-06-18,2281,0
2006-06-19,2405,2
2006-06-20,2539,19
2006-06-21,2508,5
2006-06-22,2523,13
2006-06-23,2522,1
2006-06-24,2612,1
2006-06-25,2290,0
2006-06-26,2353,0
2006-06-27,2583,11
2006-06-28,2609,1
2006-06-29,2495,3
2006-06-30,2530,0
2006-07-01,2614,1
2006-07-02,2298,0
2006-07-03,2360,0
2006-07-04,2649,19
2006-07-05,2576,4
2006-07-06,2554,13
2006-07-07,2542,1
2006-07-08,2577,6
2006-07-09,2294,0
2006-07-10,2310,0
2006-07-11,2568,17
2006-07-12,2589,5
2006-07-13,2606,18
2006-07-14,2565,4
2006-07-15,2574,4
2006-07-16,2334,2
2006-07-17,2380,0
2006-07-18,2507,10
2006-07-19,2515,4
2006-07-20,2565,6
2006-07-21,2567,5
2006-07-22,2640,1
2006-07-23,2380,2
2006-07-24,2426,0
2006-07-25,2649,5
2006-07-26,2562,4
2006-07-27,2599,5
2006-07-28,2511,0
2006-07-29,2520,5
2006-07-30,2297,0
2006-07-31,2338,0
2006-08-01,2620,4
2006-08-02,2610,2
2006-08-03,2648,6
2006-08-04,2616,1
2006-08-05,2600,1
2006-08-06,2411,0
2006-08-07,2460,2
2006-08-08,2658,9
2006-08-09,2488,2
2006-08-10,2532,9
2006-08-11,2708,4
2006-08-12,2624,4
2006-08-13,2395,0
2006-08-14,2446,0
2006-08-15,2653,2
2006-08-16,2670,0
2006-08-17,2563,2
2006-08-18,2485,0
2006-08-19,2629,0
2006-08-20,2306,0
2006-08-21,2391,0
2006-08-22,2545,9
2006-08-23,2590,2
2006-08-24,2631,11
2006-08-25,2636,0
2006-08-26,2614,0
2006-08-27,2327,0
2006-08-28,2379,0
2006-08-29,2602,5
2006-08-30,2663,2
2006-08-31,2642,6
2006-09-01,2649,0
2006-09-02,2690,0
2006-09-03,2416,0
2006-09-04,2451,0
2006-09-05,2644,9
2006-09-06,2559,0
2006-09-07,2706,10
2006-09-08,2668,0
2006-09-09,2632,0
2006-09-10,2501,0
2006-09-11,2412,0
2006-09-12,2663,12
2006-09-13,2652,0
2006-09-14,2651,5
2006-09-15,2679,2
2006-09-16,2613,0
2006-09-17,2421,0
2006-09-18,2350,0
2006-09-19,2675,0
2006-09-20,2665,0
2006-09-21,2646,0
2006-09-22,2686,0
2006-09-23,2717,0
2006-09-24,2380,0
2006-09-25,2407,0
2006-09-26,2682,0
2006-09-27,2694,0
2006-09-28,2700,0
2006-09-29,2763,0
2006-09-30,2687,0
2006-10-01,2528,0
2006-10-02,2456,0
2006-10-03,2613,0
2006-10-04,2710,0
2006-10-05,2729,0
2006-10-06,2665,0
2006-10-07,2642,0
2006-10-08,2348,0
2006-10-09,2416,0
2006-10-10,2638,0
2006-10-11,2573,0
2006-10-12,2624,0
2006-10-13,2661,0
2006-10-14,2793,0
2006-10-15,2464,0
2006-10-16,2492,0
2006-10-17,2633,0
2006-10-18,2669,0
2006-10-19,2724,0
2006-10-20,2705,0
2006-10-21,2705,0
2006-10-22,2457,0
2006-10-23,2527,0
2006-10-24,2680,0
2006-10-25,2736,0
2006-10-26,2674,0
2006-10-27,2690,0
2006-10-28,2716,0
2006-10-29,2384,0
2006-10-30,2417,0
2006-10-31,2667,0
2006-11-01,2624,0
2006-11-02,2663,0
2006-11-03,2686,0
2006-11-04,2656,0
2006-11-05,2343,0
2006-11-06,2511,0
2006-11-07,2748,0
2006-11-08,2766,0
2006-11-09,2692,0
2006-11-10,2767,0
2006-11-11,2622,0
2006-11-12,2425,0
2006-11-13,2535,0
2006-11-14,2757,0
2006-11-15,2835,0
2006-11-16,2758,0
2006-11-17,2693,0
2006-11-18,2705,0
2006-11-19,2455,0
2006-11-20,2448,0
2006-11-21,2680,0
2006-11-22,2661,0
2006-11-23,2678,0
2006-11-24,2826,0
2006-11-25,2759,0
2006-11-26,2400,0
2006-11-27,2541,0
2006-11-28,2646,0
2006-11-29,2664,0
2006-11-30,2643,0
2006-12-01,2658,0
2006-12-02,2823,0
2006-12-03,2411,0
2006-12-04,2651,0
2006-12-05,2721,0
2006-12-06,2760,0
2006-12-07,2670,0
2006-12-08,2764,0
2006-12-09,2769,0
2006-12-10,2436,0
2006-12-11,2518,0
2006-12-12,2659,0
2006-12-13,2673,0
2006-12-14,2705,0
2006-12-15,2727,0
2006-12-16,2839,0
2006-12-17,2377,0
2006-12-18,2495,0
2006-12-19,2754,0
2006-12-20,2653,0
2006-12-21,2668,0
2006-12-22,2781,0
2006-12-23,2722,0
2006-12-24,2466,0
2006-12-25,2779,0
2006-12-26,2699,0
2006-12-27,2658,0
2006-12-28,2608,0
2006-12-29,2668,0
2006-12-30,2803,0
2006-12-31,2471,0
2007-01-01,2781,0
2007-01-02,2441,0
2007-01-03,2832,0
2007-01-04,2812,0
2007-01-05,2807,0
2007-01-06,2748,0
2007-01-07,2739,0
2007-01-08,2417,0
2007-01-09,2484,0
2007-01-10,2707,0
2007-01-11,2717,0
2007-01-12,2773,0
2007-01-13,2798,0
2007-01-14,2806,0
2007-01-15,2455,0
2007-01-16,2510,0
2007-01-17,2738,0
2007-01-18,2728,0
2007-01-19,2742,0
2007-01-20,2762,0
2007-01-21,2720,0
2007-01-22,2509,0
2007-01-23,2563,0
2007-01-24,2746,1
2007-01-25,2649,0
2007-01-26,2724,0
2007-01-27,2763,0
2007-01-28,2857,1
2007-01-29,2472,0
2007-01-30,2660,0
2007-01-31,2749,1
2007-02-01,2694,1
2007-02-02,2901,5
2007-02-03,2755,3
2007-02-04,2883,3
2007-02-05,2433,0
2007-02-06,2581,0
2007-02-07,2836,6
2007-02-08,2772,0
2007-02-09,2774,2
2007-02-10,2859,1
2007-02-11,2771,3
2007-02-12,2467,2
2007-02-13,2623,0
2007-02-14,2836,1
2007-02-15,2770,2
2007-02-16,2840,7
2007-02-17,2909,3
2007-02-18,2830,11
2007-02-19,2537,0
2007-02-20,2635,0
2007-02-21,2824,3
2007-02-22,2852,3
2007-02-23,2755,4
2007-02-24,2850,9
2007-02-25,2831,2
2007-02-26,2479,2
2007-02-27,2640,0
2007-02-28,2853,1
2007-03-01,2822,5
2007-03-02,2815,4
2007-03-03,2826,2
2007-03-04,2894,2
2007-03-05,2525,0
2007-03-06,2592,0
2007-03-07,2953,7
2007-03-08,2917,4
2007-03-09,2831,1
2007-03-10,2862,1
2007-03-11,2883,0
2007-03-12,2562,0
2007-03-13,2603,0
2007-03-14,2829,0
2007-03-15,2775,6
2007-03-16,2825,0
2007-03-17,2892,1
2007-03-18,2895,14
2007-03-19,2575,3
2007-03-20,2771,2
2007-03-21,2803,1
2007-03-22,2807,8
2007-03-23,2782,2
2007-03-24,2869,7
2007-03-25,2918,6
2007-03-26,2540,0
2007-03-27,2661,0
2007-03-28,2764,0
2007-03-29,2855,15
2007-03-30,2887,2
2007-03-31,2903,4
2007-04-01,2981,5
2007-04-02,2632,0
2007-04-03,2639,0
2007-04-04,2864,3
2007-04-05,2930,1
2007-04-06,2898,2
2007-04-07,2881,0
2007-04-08,2955,6
2007-04-09,2588,0
2007-04-10,2639,0
2007-04-11,2867,10
2007-04-12,2877,20
2007-04-13,2908,6
2007-04-14,2873,22
2007-04-15,2902,2
2007-04-16,2676,0
2007-04-17,2695,0
2007-04-18,2952,2
2007-04-19,2952,8
2007-04-20,2892,4
2007-04-21,2897,11
2007-04-22,3001,10
2007-04-23,2620,1
2007-04-24,2635,2
2007-04-25,2918,2
2007-04-26,2810,16
2007-04-27,2958,1
2007-04-28,2962,8
2007-04-29,2864,3
2007-04-30,2526,2
2007-05-01,2771,0
2007-05-02,2916,9
2007-05-03,2943,7
2007-05-04,2872,2
2007-05-05,3011,2
2007-05-06,2913,0
2007-05-07,2713,0
2007-05-08,2698,0
2007-05-09,2907,1
2007-05-10,3009,1
2007-05-11,2940,1
2007-05-12,2911,0
2007-05-13,2884,1
2007-05-14,2638,0
2007-05-15,2621,0
2007-05-16,2964,0
2007-05-17,2896,9
2007-05-18,2893,2
2007-05-19,2959,0
2007-05-20,3031,2
2007-05-21,2701,0
2007-05-22,2757,0
2007-05-23,2902,1
2007-05-24,2921,11
2007-05-25,2984,7
2007-05-26,2874,15
2007-05-27,2932,6
2007-05-28,2592,0
2007-05-29,2751,0
2007-05-30,3019,8
2007-05-31,2920,7
2007-06-01,2905,1
2007-06-02,2945,8
2007-06-03,3051,4
2007-06-04,2685,0
2007-06-05,2679,0
2007-06-06,2867,1
2007-06-07,3081,6
2007-06-08,2939,2
2007-06-09,2975,9
2007-06-10,3032,5
2007-06-11,2716,0
2007-06-12,2766,0
2007-06-13,3055,5
2007-06-14,2901,4
2007-06-15,3044,9
2007-06-16,2945,5
2007-06-17,3097,10
2007-06-18,2683,0
2007-06-19,2763,0
2007-06-20,2990,3
2007-06-21,2977,6
2007-06-22,2936,2
2007-06-23,3022,15
2007-06-24,3027,18
2007-06-25,2744,0
2007-06-26,2787,0
2007-06-27,3008,3
2007-06-28,3030,9
2007-06-29,3048,0
2007-06-30,3022,9
2007-07-01,3064,6
2007-07-02,2812,0
2007-07-03,2840,0
2007-07-04,3084,8
2007-07-05,3080,8
2007-07-06,3092,5
2007-07-07,3079,3
2007-07-08,3039,3
2007-07-09,2718,0
2007-07-10,2870,0
2007-07-11,3000,1
2007-07-12,2990,13
2007-07-13,2981,0
2007-07-14,2971,2
2007-07-15,3067,7
2007-07-16,2741,2
2007-07-17,2860,2
2007-07-18,2953,0
2007-07-19,2972,7
2007-07-20,2987,2
2007-07-21,3025,7
2007-07-22,2980,0
2007-07-23,2715,0
2007-07-24,2756,0
2007-07-25,3005,0
2007-07-26,3085,11
2007-07-27,3052,0
2007-07-28,3026,9
2007-07-29,3077,7
2007-07-30,2814,0
2007-07-31,2766,0
2007-08-01,3081,0
2007-08-02,3076,10
2007-08-03,3003,2
2007-08-04,3048,2
2007-08-05,3104,1
2007-08-06,2720,0
2007-08-07,2820,0
2007-08-08,3143,0
2007-08-09,3158,4
2007-08-10,3111,0
2007-08-11,3078,11
2007-08-12,3067,1
2007-08-13,2789,0
2007-08-14,2871,0
2007-08-15,3052,8
2007-08-16,3053,2
2007-08-17,3060,4
2007-08-18,3025,3
2007-08-19,3188,8
2007-08-20,2880,0
2007-08-21,2908,2
2007-08-22,3065,5
2007-08-23,2911,2
2007-08-24,3107,8
2007-08-25,3074,9
2007-08-26,3091,12
2007-08-27,2757,0
2007-08-28,2898,0
2007-08-29,2983,15
2007-08-30,3068,12
2007-08-31,3017,3
2007-09-01,3131,10
2007-09-02,3076,12
2007-09-03,2786,0
2007-09-04,2845,0
2007-09-05,3069,13
2007-09-06,3119,19
2007-09-07,3125,12
2007-09-08,3093,27
2007-09-09,3043,7
2007-09-10,2725,2
2007-09-11,2899,0
2007-09-12,3092,22
2007-09-13,3057,5
2007-09-14,3064,5
2007-09-15,3059,7
2007-09-16,3070,10
2007-09-17,2759,0
2007-09-18,2873,2
2007-09-19,3171,26
2007-09-20,3014,5
2007-09-21,3096,4
2007-09-22,2982,11
2007-09-23,3047,11
2007-09-24,2734,0
2007-09-25,2843,0
2007-09-26,3075,15
2007-09-27,3020,6
2007-09-28,3032,7
2007-09-29,3159,14
2007-09-30,3177,5
2007-10-01,2675,2
2007-10-02,2781,0
2007-10-03,3143,8
2007-10-04,3069,10
2007-10-05,3106,4
2007-10-06,3168,20
2007-10-07,3136,13
2007-10-08,2720,1
2007-10-09,2877,2
2007-10-10,3025,15
2007-10-11,3113,9
2007-10-12,3137,8
2007-10-13,3210,25
2007-10-14,3070,13
2007-10-15,2834,2
2007-10-16,2741,0
2007-10-17,3114,14
2007-10-18,2997,24
2007-10-19,3076,4
2007-10-20,3096,2
2007-10-21,3083,5
2007-10-22,2858,4
2007-10-23,2872,0
2007-10-24,3125,15
2007-10-25,3091,5
2007-10-26,3070,4
2007-10-27,3150,7
2007-10-28,3130,16
2007-10-29,2687,0
2007-10-30,2756,2
2007-10-31,3109,17
2007-11-01,3128,11
2007-11-02,3158,7
2007-11-03,3056,9
2007-11-04,3192,25
2007-11-05,2798,0
2007-11-06,2873,0
2007-11-07,3162,28
2007-11-08,3081,17
2007-11-09,3112,5
2007-11-10,3239,7
2007-11-11,3149,9
2007-11-12,2791,0
2007-11-13,2893,0
2007-11-14,3173,24
2007-11-15,3097,18
2007-11-16,3257,0
2007-11-17,3184,19
2007-11-18,3165,31
2007-11-19,2886,0
2007-11-20,2994,0
2007-11-21,3145,23
2007-11-22,3138,16
2007-11-23,3180,2
2007-11-24,3197,24
2007-11-25,3135,15
2007-11-26,2756,0
2007-11-27,2860,4
2007-11-28,3187,12
2007-11-29,3174,12
2007-11-30,3128,0
2007-12-01,3211,11
2007-12-02,3349,25
2007-12-03,2826,0
2007-12-04,2933,0
2007-12-05,3237,41
2007-12-06,3053,13
2007-12-07,3173,7
2007-12-08,3090,5
2007-12-09,3246,7
2007-12-10,2883,0
2007-12-11,2926,0
2007-12-12,3087,21
2007-12-13,3086,21
2007-12-14,3132,11
2007-12-15,3257,2
2007-12-16,3315,14
2007-12-17,2919,2
2007-12-18,2983,0
2007-12-19,3077,11
2007-12-20,3241,15
2007-12-21,3208,2
2007-12-22,3245,22
2007-12-23,3153,4
2007-12-24,2974,0
2007-12-25,3298,2
2007-12-26,3125,18
2007-12-27,3162,3
2007-12-28,3096,0
2007-12-29,3107,12
2007-12-30,3224,10
2007-12-31,2828,2
2008-01-01,3430,0
2008-01-02,2896,2
2008-01-03,3251,13
2008-01-04,3343,13
2008-01-05,3219,2
2008-01-06,3238,7
2008-01-07,3362,12
2008-01-08,2931,2
2008-01-09,2886,0
2008-01-10,3267,21
2008-01-11,3269,14
2008-01-12,3234,11
2008-01-13,3266,27
2008-01-14,3330,6
2008-01-15,2846,0
2008-01-16,3035,4
2008-01-17,3340,9
2008-01-18,3243,15
2008-01-19,3335,0
2008-01-20,3172,14
2008-01-21,3256,1
2008-01-22,2938,4
2008-01-23,2947,0
2008-01-24,3313,22
2008-01-25,3184,13
2008-01-26,3332,4
2008-01-27,3261,14
2008-01-28,3192,5
2008-01-29,3042,2
2008-01-30,2922,0
2008-01-31,3124,3
2008-02-01,3216,11
2008-02-02,3169,9
2008-02-03,3278,7
2008-02-04,3333,6
2008-02-05,2984,1
2008-02-06,2921,0
2008-02-07,3335,16
2008-02-08,3268,10
2008-02-09,3191,8
2008-02-10,3230,10
2008-02-11,3237,7
2008-02-12,2965,2
2008-02-13,2953,0
2008-02-14,3227,9
2008-02-15,3347,15
2008-02-16,3193,4
2008-02-17,3288,8
2008-02-18,3246,9
2008-02-19,2899,2
2008-02-20,3051,0
2008-02-21,3450,6
2008-02-22,3246,13
2008-02-23,3238,0
2008-02-24,3324,15
2008-02-25,3318,7
2008-02-26,2949,0
2008-02-27,2850,2
2008-02-28,3141,12
2008-02-29,12,0
2008-03-01,3225,12
2008-03-02,3241,18
2008-03-03,3317,26
2008-03-04,2992,0
2008-03-05,2917,2
2008-03-06,3380,23
2008-03-07,3265,25
2008-03-08,3298,6
2008-03-09,3236,9
2008-03-10,3454,21
2008-03-11,2879,0
2008-03-12,3120,0
2008-03-13,3293,25
2008-03-14,3231,20
2008-03-15,3332,6
2008-03-16,3216,11
2008-03-17,3315,3
2008-03-18,2943,2
2008-03-19,2944,0
2008-03-20,3325,9
2008-03-21,3258,19
2008-03-22,3328,0
2008-03-23,3241,15
2008-03-24,3335,22
2008-03-25,3073,0
2008-03-26,3184,2
2008-03-27,3325,13
2008-03-28,3378,17
2008-03-29,3257,0
2008-03-30,3387,5
2008-03-31,3312,8
2008-04-01,2977,2
2008-04-02,3135,0
2008-04-03,3325,16
2008-04-04,3319,7
2008-04-05,3347,6
2008-04-06,3291,0
2008-04-07,3267,5
2008-04-08,2991,0
2008-04-09,2984,0
2008-04-10,3426,18
2008-04-11,3286,16
2008-04-12,3383,6
2008-04-13,3298,20
2008-04-14,3380,18
2008-04-15,3031,0
2008-04-16,3084,0
2008-04-17,3292,1
2008-04-18,3267,15
2008-04-19,3295,0
2008-04-20,3246,5
2008-04-21,3290,8
2008-04-22,2995,2
2008-04-23,3007,0
2008-04-24,3419,21
2008-04-25,3340,5
2008-04-26,3251,6
2008-04-27,3395,24
2008-04-28,3446,29
2008-04-29,3000,2
2008-04-30,3176,0
2008-05-01,3344,36
2008-05-02,3490,16
2008-05-03,3382,11
2008-05-04,3347,3
2008-05-05,3399,14
2008-05-06,3077,2
2008-05-07,3077,0
2008-05-08,3466,22
2008-05-09,3390,25
2008-05-10,3446,7
2008-05-11,3342,5
2008-05-12,3424,14
2008-05-13,3032,2
2008-05-14,3068,0
2008-05-15,3373,16
2008-05-16,3461,16
2008-05-17,3375,15
2008-05-18,3456,17
2008-05-19,3519,21
2008-05-20,2963,2
2008-05-21,3143,0
2008-05-22,3475,14
2008-05-23,3357,19
2008-05-24,3295,1
2008-05-25,3371,8
2008-05-26,3468,20
2008-05-27,3079,0
2008-05-28,3105,0
2008-05-29,3419,17
2008-05-30,3426,18
2008-05-31,3405,0
2008-06-01,3389,13
2008-06-02,3488,12
2008-06-03,3084,0
2008-06-04,3228,0
2008-06-05,3358,14
2008-06-06,3355,6
2008-06-07,3323,14
2008-06-08,3377,4
2008-06-09,3366,2
2008-06-10,2988,0
2008-06-11,3245,2
2008-06-12,3460,26
2008-06-13,3478,13
2008-06-14,3379,4
2008-06-15,3322,3
2008-06-16,3394,8
2008-06-17,3021,0
2008-06-18,3142,0
2008-06-19,3526,17
2008-06-20,3498,14
2008-06-21,3438,13
2008-06-22,3410,16
2008-06-23,3384,7
2008-06-24,3143,2
2008-06-25,3083,4
2008-06-26,3321,28
2008-06-27,3469,13
2008-06-28,3478,14
2008-06-29,3359,20
2008-06-30,3467,3
2008-07-01,3115,0
2008-07-02,3214,4
2008-07-03,3475,11
2008-07-04,3442,19
2008-07-05,3408,2
2008-07-06,3475,20
2008-07-07,3564,13
2008-07-08,3041,0
2008-07-09,3126,2
2008-07-10,3460,12
2008-07-11,3529,15
2008-07-12,3536,9
2008-07-13,3482,6
2008-07-14,3613,5
2008-07-15,3087,4
2008-07-16,3282,4
2008-07-17,3511,17
2008-07-18,3477,29
2008-07-19,3527,13
2008-07-20,3450,7
2008-07-21,3522,22
2008-07-22,3140,0
2008-07-23,3232,2
2008-07-24,3550,19
2008-07-25,3492,15
2008-07-26,3381,7
2008-07-27,3518,8
2008-07-28,3480,10
2008-07-29,3092,4
2008-07-30,3235,4
2008-07-31,3473,17
2008-08-01,3534,30
2008-08-02,3622,14
2008-08-03,3502,17
2008-08-04,3474,12
2008-08-05,3104,2
2008-08-06,3174,5
2008-08-07,3425,28
2008-08-08,3525,20
2008-08-09,3559,6
2008-08-10,3515,18
2008-08-11,3605,14
2008-08-12,3135,0
2008-08-13,3239,0
2008-08-14,3444,20
2008-08-15,3528,14
2008-08-16,3528,7
2008-08-17,3515,8
2008-08-18,3474,5
2008-08-19,3242,0
2008-08-20,3106,7
2008-08-21,3525,13
2008-08-22,3410,18
2008-08-23,3497,5
2008-08-24,3478,7
2008-08-25,3480,12
2008-08-26,3169,2
2008-08-27,3187,3
2008-08-28,3502,20
2008-08-29,3539,25
2008-08-30,3462,7
2008-08-31,3576,7
2008-09-01,3605,22
2008-09-02,3156,2
2008-09-03,3358,4
2008-09-04,3567,12
2008-09-05,3477,11
2008-09-06,3410,4
2008-09-07,3553,12
2008-09-08,3486,8
2008-09-09,3257,0
2008-09-10,3204,5
2008-09-11,3590,25
2008-09-12,3481,16
2008-09-13,3491,2
2008-09-14,3438,3
2008-09-15,3520,13
2008-09-16,3160,2
2008-09-17,3266,2
2008-09-18,3517,19
2008-09-19,3622,6
2008-09-20,3599,6
2008-09-21,3537,13
2008-09-22,3618,9
2008-09-23,3100,0
2008-09-24,3322,6
2008-09-25,3472,9
2008-09-26,3462,19
2008-09-27,3476,8
2008-09-28,3607,18
2008-09-29,3672,24
2008-09-30,3106,0
2008-10-01,3408,5
2008-10-02,3501,31
2008-10-03,3542,12
2008-10-04,3395,3
2008-10-05,3577,6
2008-10-06,3665,6
2008-10-07,3250,0
2008-10-08,3315,1
2008-10-09,3508,32
2008-10-10,3565,13
2008-10-11,3595,20
2008-10-12,3668,13
2008-10-13,3611,15
2008-10-14,3221,0
2008-10-15,3178,8
2008-10-16,3637,44
2008-10-17,3587,18
2008-10-18,3597,14
2008-10-19,3646,19
2008-10-20,3551,22
2008-10-21,3095,0
2008-10-22,3315,8
2008-10-23,3509,32
2008-10-24,3596,17
2008-10-25,3535,7
2008-10-26,3543,15
2008-10-27,3645,18
2008-10-28,3245,0
2008-10-29,3324,6
2008-10-30,3593,40
2008-10-31,3525,27
2008-11-01,3525,4
2008-11-02,3667,19
2008-11-03,3624,8
2008-11-04,3199,0
2008-11-05,3308,10
2008-11-06,3670,45
2008-11-07,3528,18
2008-11-08,3709,21
2008-11-09,3591,13
2008-11-10,3518,8
2008-11-11,3231,0
2008-11-12,3338,7
2008-11-13,3647,37
2008-11-14,3718,19
2008-11-15,3635,7
2008-11-16,3633,19
2008-11-17,3618,6
2008-11-18,3104,4
2008-11-19,3303,8
2008-11-20,3527,33
2008-11-21,3734,20
2008-11-22,3567,14
2008-11-23,3516,14
2008-11-24,3651,7
2008-11-25,3190,0
2008-11-26,3232,3
2008-11-27,3629,36
2008-11-28,3600,12
2008-11-29,3560,11
2008-11-30,3637,13
2008-12-01,3715,19
2008-12-02,3230,0
2008-12-03,3243,8
2008-12-04,3594,21
2008-12-05,3517,19
2008-12-06,3622,14
2008-12-07,3586,14
2008-12-08,3580,15
2008-12-09,3197,0
2008-12-10,3333,4
2008-12-11,3586,10
2008-12-12,3666,12
2008-12-13,3623,4
2008-12-14,3593,10
2008-12-15,3720,14
2008-12-16,3200,2
2008-12-17,3475,8
2008-12-18,3584,17
2008-12-19,3655,11
2008-12-20,3605,7
2008-12-21,3576,9
2008-12-22,3676,12
2008-12-23,3298,0
2008-12-24,3280,3
2008-12-25,3625,27
2008-12-26,3572,21
2008-12-27,3604,16
2008-12-28,3725,14
2008-12-29,3660,9
2008-12-30,3172,0
2008-12-31,3310,3
2009-01-01,3730,0
2009-01-02,3169,5
2009-01-03,3751,17
2009-01-04,3679,7
2009-01-05,3676,4
2009-01-06,3716,18
2009-01-07,3688,2
2009-01-08,3214,0
2009-01-09,3355,11
2009-01-10,3684,12
2009-01-11,3570,14
2009-01-12,3680,10
2009-01-13,3761,11
2009-01-14,3598,11
2009-01-15,3295,0
2009-01-16,3386,5
2009-01-17,3615,18
2009-01-18,3684,12
2009-01-19,3588,19
2009-01-20,3655,26
2009-01-21,3669,16
2009-01-22,3264,2
2009-01-23,3419,9
2009-01-24,3654,17
2009-01-25,3520,9
2009-01-26,3574,13
2009-01-27,3557,7
2009-01-28,3725,15
2009-01-29,3211,2
2009-01-30,3377,2
2009-01-31,3744,23
2009-02-01,3695,17
2009-02-02,3745,8
2009-02-03,3715,10
2009-02-04,3671,10
2009-02-05,3288,0
2009-02-06,3398,7
2009-02-07,3707,14
2009-02-08,3639,11
2009-02-09,3648,2
2009-02-10,3691,12
2009-02-11,3705,20
2009-02-12,3350,0
2009-02-13,3349,6
2009-02-14,3642,9
2009-02-15,3676,10
2009-02-16,3581,1
2009-02-17,3671,10
2009-02-18,3871,23
2009-02-19,3298,0
2009-02-20,3406,7
2009-02-21,3845,23
2009-02-22,3701,5
2009-02-23,3721,8
2009-02-24,3644,5
2009-02-25,3667,15
2009-02-26,3276,0
2009-02-27,3390,4
2009-02-28,3751,25
2009-03-01,3727,21
2009-03-02,3623,0
2009-03-03,3731,12
2009-03-04,3782,11
2009-03-05,3258,0
2009-03-06,3519,2
2009-03-07,3754,2
2009-03-08,3722,4
2009-03-09,3656,2
2009-03-10,3789,2
2009-03-11,3753,5
2009-03-12,3292,0
2009-03-13,3427,0
2009-03-14,3667,4
2009-03-15,3706,1
2009-03-16,3718,0
2009-03-17,3675,2
2009-03-18,3659,5
2009-03-19,3339,0
2009-03-20,3400,6
2009-03-21,3743,5
2009-03-22,3700,7
2009-03-23,3699,2
2009-03-24,3693,5
2009-03-25,3721,8
2009-03-26,3216,0
2009-03-27,3460,7
2009-03-28,3725,8
2009-03-29,3694,7
2009-03-30,3606,1
2009-03-31,3744,2
2009-04-01,3790,0
2009-04-02,3393,3
2009-04-03,3445,0
2009-04-04,3816,2
2009-04-05,3673,3
2009-04-06,3654,2
2009-04-07,3725,0
2009-04-08,3705,0
2009-04-09,3308,0
2009-04-10,3453,0
2009-04-11,3679,1
2009-04-12,3740,4
2009-04-13,3757,2
2009-04-14,3846,0
2009-04-15,3762,0
2009-04-16,3461,2
2009-04-17,3399,2
2009-04-18,3803,0
2009-04-19,3766,0
2009-04-20,3795,2
2009-04-21,3721,0
2009-04-22,3720,0
2009-04-23,3349,1
2009-04-24,3488,1
2009-04-25,3710,4
2009-04-26,3735,1
2009-04-27,3608,2
2009-04-28,3731,1
2009-04-29,3709,0
2009-04-30,3402,2
2009-05-01,3440,4
2009-05-02,3818,1
2009-05-03,3698,0
2009-05-04,3605,1
2009-05-05,3801,2
2009-05-06,3697,0
2009-05-07,3427,4
2009-05-08,3414,2
2009-05-09,3740,2
2009-05-10,3786,6
2009-05-11,3782,3
2009-05-12,3730,0
2009-05-13,3717,0
2009-05-14,3304,1
2009-05-15,3418,3
2009-05-16,3817,3
2009-05-17,3697,4
2009-05-18,3840,4
2009-05-19,3723,1
2009-05-20,3734,0
2009-05-21,3401,1
2009-05-22,3462,8
2009-05-23,3687,3
2009-05-24,3693,8
2009-05-25,3771,4
2009-05-26,3722,0
2009-05-27,3949,0
2009-05-28,3397,2
2009-05-29,3430,5
2009-05-30,3863,3
2009-05-31,3723,1
2009-06-01,3712,9
2009-06-02,3695,3
2009-06-03,3810,0
2009-06-04,3373,3
2009-06-05,3539,1
2009-06-06,3776,2
2009-06-07,3812,3
2009-06-08,3789,5
2009-06-09,3723,0
2009-06-10,3915,2
2009-06-11,3416,1
2009-06-12,3485,0
2009-06-13,3804,0
2009-06-14,3691,3
2009-06-15,3876,3
2009-06-16,3805,2
2009-06-17,3900,0
2009-06-18,3447,0
2009-06-19,3366,1
2009-06-20,3821,2
2009-06-21,3725,0
2009-06-22,3740,4
2009-06-23,3766,5
2009-06-24,3764,0
2009-06-25,3430,3
2009-06-26,3494,1
2009-06-27,3728,4
2009-06-28,3810,7
2009-06-29,3773,5
2009-06-30,3754,3
2009-07-01,3847,0
2009-07-02,3429,7
2009-07-03,3554,1
2009-07-04,3886,6
2009-07-05,3748,5
2009-07-06,3801,4
2009-07-07,3834,0
2009-07-08,3865,0
2009-07-09,3459,3
2009-07-10,3466,0
2009-07-11,3818,5
2009-07-12,3868,6
2009-07-13,3884,2
2009-07-14,3773,0
2009-07-15,3895,0
2009-07-16,3399,2
2009-07-17,3530,0
2009-07-18,3899,0
2009-07-19,3863,0
2009-07-20,3832,0
2009-07-21,3928,0
2009-07-22,3892,0
2009-07-23,3456,0
2009-07-24,3492,0
2009-07-25,3820,0
2009-07-26,3742,0
2009-07-27,3703,2
2009-07-28,3915,0
2009-07-29,3843,0
2009-07-30,3496,0
2009-07-31,3496,0
2009-08-01,3845,1
2009-08-02,3892,1
2009-08-03,3811,2
2009-08-04,3769,4
2009-08-05,3881,0
2009-08-06,3460,1
2009-08-07,3564,1
2009-08-08,3853,3
2009-08-09,3802,3
2009-08-10,3828,8
2009-08-11,3846,2
2009-08-12,3829,0
2009-08-13,3516,10
2009-08-14,3578,1
2009-08-15,3868,2
2009-08-16,3763,3
2009-08-17,3913,1
2009-08-18,3812,0
2009-08-19,3964,0
2009-08-20,3474,5
2009-08-21,3507,0
2009-08-22,3995,6
2009-08-23,3917,1
2009-08-24,3851,2
2009-08-25,3918,0
2009-08-26,3847,0
2009-08-27,3437,1
2009-08-28,3610,5
2009-08-29,3842,1
2009-08-30,3864,3
2009-08-31,3898,2
2009-09-01,3898,0
2009-09-02,3937,0
2009-09-03,3416,0
2009-09-04,3620,1
2009-09-05,3836,0
2009-09-06,3839,1
2009-09-07,3837,0
2009-09-08,3856,0
2009-09-09,3970,0
2009-09-10,3415,0
2009-09-11,3525,0
2009-09-12,3835,0
2009-09-13,3926,1
2009-09-14,3825,1
2009-09-15,3878,1
2009-09-16,3898,0
2009-09-17,3467,0
2009-09-18,3598,1
2009-09-19,3953,3
2009-09-20,3895,2
2009-09-21,3898,1
2009-09-22,3877,0
2009-09-23,3844,0
2009-09-24,3569,0
2009-09-25,3510,0
2009-09-26,3818,0
2009-09-27,3859,0
2009-09-28,3855,2
2009-09-29,3941,0
2009-09-30,3958,0
2009-10-01,3504,0
2009-10-02,3667,0
2009-10-03,3990,0
2009-10-04,3865,2
2009-10-05,3923,4
2009-10-06,3915,1
2009-10-07,3990,0
2009-10-08,3607,2
2009-10-09,3698,2
2009-10-10,3969,1
2009-10-11,3873,3
2009-10-12,3960,1
2009-10-13,3938,2
2009-10-14,3959,0
2009-10-15,3448,3
2009-10-16,3691,2
2009-10-17,4021,5
2009-10-18,3785,1
2009-10-19,3877,4
2009-10-20,3952,4
2009-10-21,3926,0
2009-10-22,3505,1
2009-10-23,3639,2
2009-10-24,3822,1
2009-10-25,3956,1
2009-10-26,3925,6
2009-10-27,3873,2
2009-10-28,4006,2
2009-10-29,3494,2
2009-10-30,3729,0
2009-10-31,3951,0
2009-11-01,3932,1
2009-11-02,3936,1
2009-11-03,3921,0
2009-11-04,3923,0
2009-11-05,3537,0
2009-11-06,3581,0
2009-11-07,3889,1
2009-11-08,4004,1
2009-11-09,3882,8
2009-11-10,3885,1
2009-11-11,3989,0
2009-11-12,3572,0
2009-11-13,3576,0
2009-11-14,3890,1
2009-11-15,3938,2
2009-11-16,3904,0
2009-11-17,4034,0
2009-11-18,3961,0
2009-11-19,3607,0
2009-11-20,3588,0
2009-11-21,3896,1
2009-11-22,4033,0
2009-11-23,3922,3
2009-11-24,3993,1
2009-11-25,4021,0
2009-11-26,3473,0
2009-11-27,3530,1
2009-11-28,3946,0
2009-11-29,3854,0
2009-11-30,3854,5
2009-12-01,3919,3
2009-12-02,3895,0
2009-12-03,3586,1
2009-12-04,3568,2
2009-12-05,3882,2
2009-12-06,3921,4
2009-12-07,3988,0
2009-12-08,4016,0
2009-12-09,3968,0
2009-12-10,3608,1
2009-12-11,3650,0
2009-12-12,4049,1
2009-12-13,3997,1
2009-12-14,3888,1
2009-12-15,4008,1
2009-12-16,4034,0
2009-12-17,3509,3
2009-12-18,3605,2
2009-12-19,3932,2
2009-12-20,3881,5
2009-12-21,3826,4
2009-12-22,3953,0
2009-12-23,4067,0
2009-12-24,3562,2
2009-12-25,4152,2
2009-12-26,4000,1
2009-12-27,3883,2
2009-12-28,3957,0
2009-12-29,3886,0
2009-12-30,3933,0
2009-12-31,3527,0
2010-01-01,4121,1
2010-01-02,3577,0
2010-01-03,3978,1
2010-01-04,3920,2
2010-01-05,4009,1
2010-01-06,4018,0
2010-01-07,3991,2
2010-01-08,3599,6
2010-01-09,3698,1
2010-01-10,4080,7
2010-01-11,3983,4
2010-01-12,3957,1
2010-01-13,3984,4
2010-01-14,3970,0
2010-01-15,3510,1
2010-01-16,3746,2
2010-01-17,4086,4
2010-01-18,3983,4
2010-01-19,3853,4
2010-01-20,4004,1
2010-01-21,4054,0
2010-01-22,3537,10
2010-01-23,3625,5
2010-01-24,4075,3
2010-01-25,4068,6
2010-01-26,4135,15
2010-01-27,4013,2
2010-01-28,4001,30
2010-01-29,3606,10
2010-01-30,3682,2
2010-01-31,4008,24
2010-02-01,4096,24
2010-02-02,4070,25
2010-02-03,4007,6
2010-02-04,4032,26
2010-02-05,3785,14
2010-02-06,3778,2
2010-02-07,4159,16
2010-02-08,4118,21
2010-02-09,4201,16
2010-02-10,4063,2
2010-02-11,4223,16
2010-02-12,3657,33
2010-02-13,3735,4
2010-02-14,3997,8
2010-02-15,4117,2
2010-02-16,4001,0
2010-02-17,4063,0
2010-02-18,4158,16
2010-02-19,3697,35
2010-02-20,3723,0
2010-02-21,4209,33
2010-02-22,4068,20
2010-02-23,4002,10
2010-02-24,4125,2
2010-02-25,4100,17
2010-02-26,3732,14
2010-02-27,3685,0
2010-02-28,3970,29
2010-03-01,4089,23
2010-03-02,4175,19
2010-03-03,4129,0
2010-03-04,4176,10
2010-03-05,3692,29
2010-03-06,3729,0
2010-03-07,4068,20
2010-03-08,4044,4
2010-03-09,4094,8
2010-03-10,4034,0
2010-03-11,4067,9
2010-03-12,3633,4
2010-03-13,3682,2
2010-03-14,4107,16
2010-03-15,4101,29
2010-03-16,4090,27
2010-03-17,4018,0
2010-03-18,4052,12
2010-03-19,3660,19
2010-03-20,3730,4
2010-03-21,4237,25
2010-03-22,4128,20
2010-03-23,4084,24
2010-03-24,4082,0
2010-03-25,4130,30
2010-03-26,3647,16
2010-03-27,3757,0
2010-03-28,4184,18
2010-03-29,4184,10
2010-03-30,4064,8
2010-03-31,4068,0
2010-04-01,4184,10
2010-04-02,3682,19
2010-04-03,3706,2
2010-04-04,4252,26
2010-04-05,3995,36
2010-04-06,4101,19
2010-04-07,4050,4
2010-04-08,4131,7
2010-04-09,3799,11
2010-04-10,3774,0
2010-04-11,4075,20
2010-04-12,4186,7
2010-04-13,4078,18
2010-04-14,4076,4
2010-04-15,4113,20
2010-04-16,3562,17
2010-04-17,3746,0
2010-04-18,4261,14
2010-04-19,4039,14
2010-04-20,4199,19
2010-04-21,4219,2
2010-04-22,4123,18
2010-04-23,3749,9
2010-04-24,3822,0
2010-04-25,4097,5
2010-04-26,4023,6
2010-04-27,4025,8
2010-04-28,4150,2
2010-04-29,4126,18
2010-04-30,3648,8
2010-05-01,3719,0
2010-05-02,4154,30
2010-05-03,4106,20
2010-05-04,4141,14
2010-05-05,4238,2
2010-05-06,4183,32
2010-05-07,3737,19
2010-05-08,3865,4
2010-05-09,4254,31
2010-05-10,4146,13
2010-05-11,4157,3
2010-05-12,4231,0
2010-05-13,4142,24
2010-05-14,3672,3
2010-05-15,3888,0
2010-05-16,4172,18
2010-05-17,4207,11
2010-05-18,4160,12
2010-05-19,4175,2
2010-05-20,4317,7
2010-05-21,3706,13
2010-05-22,3805,0
2010-05-23,4116,8
2010-05-24,4143,20
2010-05-25,4083,27
2010-05-26,4198,0
2010-05-27,4158,34
2010-05-28,3645,22
2010-05-29,3762,2
2010-05-30,4283,28
2010-05-31,4183,9
2010-06-01,4203,5
2010-06-02,4235,4
2010-06-03,4157,1
2010-06-04,3666,18
2010-06-05,3816,0
2010-06-06,4093,22
2010-06-07,4360,15
2010-06-08,4251,7
2010-06-09,4130,0
2010-06-10,4250,0
2010-06-11,3851,2
2010-06-12,3898,8
2010-06-13,4213,9
2010-06-14,4172,2
2010-06-15,4162,1
2010-06-16,4188,0
2010-06-17,4254,26
2010-06-18,3840,21
2010-06-19,3922,2
2010-06-20,4132,8
2010-06-21,4201,12
2010-06-22,4163,17
2010-06-23,4130,6
2010-06-24,4210,21
2010-06-25,3786,20
2010-06-26,3864,4
2010-06-27,4269,18
2010-06-28,4258,21
2010-06-29,4173,13
2010-06-30,4148,2
2010-07-01,4322,16
2010-07-02,3718,13
2010-07-03,3897,6
2010-07-04,4218,18
2010-07-05,4241,3
2010-07-06,4269,0
2010-07-07,4112,2
2010-07-08,4225,0
2010-07-09,3842,2
2010-07-10,3825,2
2010-07-11,4200,16
2010-07-12,4194,18
2010-07-13,4156,14
2010-07-14,4154,2
2010-07-15,4333,13
2010-07-16,3760,15
2010-07-17,3945,1
2010-07-18,4124,16
2010-07-19,4185,18
2010-07-20,4245,18
2010-07-21,4296,0
2010-07-22,4376,18
2010-07-23,3809,26
2010-07-24,3952,2
2010-07-25,4279,22
2010-07-26,4150,20
2010-07-27,4142,15
2010-07-28,4148,2
2010-07-29,4270,17
2010-07-30,3799,22
2010-07-31,3998,0
2010-08-01,4278,15
2010-08-02,4206,7
2010-08-03,4316,11
2010-08-04,4387,4
2010-08-05,4422,18
2010-08-06,3749,17
2010-08-07,3892,0
2010-08-08,4234,8
2010-08-09,4299,12
2010-08-10,4252,9
2010-08-11,4260,0
2010-08-12,4194,18
2010-08-13,3757,21
2010-08-14,3976,4
2010-08-15,4238,24
2010-08-16,4380,20
2010-08-17,4262,8
2010-08-18,4252,0
2010-08-19,4325,5
2010-08-20,3883,5
2010-08-21,4034,2
2010-08-22,4264,6
2010-08-23,4171,6
2010-08-24,4258,19
2010-08-25,4279,4
2010-08-26,4302,10
2010-08-27,3846,15
2010-08-28,3816,0
2010-08-29,4173,36
2010-08-30,4329,24
2010-08-31,4187,17
2010-09-01,4177,2
2010-09-02,4402,16
2010-09-03,3773,15
2010-09-04,3875,0
2010-09-05,4213,12
2010-09-06,4255,29
2010-09-07,4277,23
2010-09-08,4238,0
2010-09-09,4320,10
2010-09-10,3821,23
2010-09-11,3927,0
2010-09-12,4286,26
2010-09-13,4359,9
2010-09-14,4240,0
2010-09-15,4288,2
2010-09-16,4316,16
2010-09-17,3950,23
2010-09-18,3996,4
2010-09-19,4384,16
2010-09-20,4166,9
2010-09-21,4245,13
2010-09-22,4213,0
2010-09-23,4229,3
2010-09-24,3822,13
2010-09-25,3889,0
2010-09-26,4259,13
2010-09-27,4188,10
2010-09-28,4364,5
2010-09-29,4304,0
2010-09-30,4266,9
2010-10-01,3792,16
2010-10-02,3938,0
2010-10-03,4263,8
2010-10-04,4144,5
2010-10-05,4241,12
2010-10-06,4298,0
2010-10-07,4406,16
2010-10-08,3737,12
2010-10-09,3970,2
2010-10-10,4313,12
2010-10-11,4298,19
2010-10-12,4178,6
2010-10-13,4299,4
2010-10-14,4320,11
2010-10-15,3776,11
2010-10-16,3911,0
2010-10-17,4194,20
2010-10-18,4250,14
2010-10-19,4285,5
2010-10-20,4233,2
2010-10-21,4183,10
2010-10-22,3912,15
2010-10-23,3928,2
2010-10-24,4220,11
2010-10-25,4194,7
2010-10-26,4195,9
2010-10-27,4216,0
2010-10-28,4403,26
2010-10-29,3866,34
2010-10-30,3952,0
2010-10-31,4294,27
2010-11-01,4247,7
2010-11-02,4285,1
2010-11-03,4237,0
2010-11-04,4372,3
2010-11-05,3892,26
2010-11-06,3926,0
2010-11-07,4384,40
2010-11-08,4277,27
2010-11-09,4270,1
2010-11-10,4266,4
2010-11-11,4344,12
2010-11-12,3720,10
2010-11-13,3992,2
2010-11-14,4313,29
2010-11-15,4351,32
2010-11-16,4295,15
2010-11-17,4204,0
2010-11-18,4376,13
2010-11-19,3966,17
2010-11-20,3910,2
2010-11-21,4248,9
2010-11-22,4208,10
2010-11-23,4253,3
2010-11-24,4394,0
2010-11-25,4410,22
2010-11-26,3771,10
2010-11-27,3858,0
2010-11-28,4366,21
2010-11-29,4109,17
2010-11-30,4330,8
2010-12-01,4227,2
2010-12-02,4386,2
2010-12-03,3903,18
2010-12-04,3930,0
2010-12-05,4364,7
2010-12-06,4353,9
2010-12-07,4305,5
2010-12-08,4253,0
2010-12-09,4318,12
2010-12-10,3790,4
2010-12-11,3994,0
2010-12-12,4359,20
2010-12-13,4450,16
2010-12-14,4288,6
2010-12-15,4264,0
2010-12-16,4343,9
2010-12-17,3868,6
2010-12-18,3990,0
2010-12-19,4268,15
2010-12-20,4405,7
2010-12-21,4460,22
2010-12-22,4290,0
2010-12-23,4368,16
2010-12-24,3824,7
2010-12-25,4501,2
2010-12-26,4268,7
2010-12-27,4243,4
2010-12-28,4266,5
2010-12-29,4290,0
2010-12-30,4438,4
2010-12-31,3880,24
2011-01-01,4411,8
2011-01-02,3832,0
2011-01-03,4333,19
2011-01-04,4345,16
2011-01-05,4244,0
2011-01-06,4343,6
2011-01-07,4457,0
2011-01-08,3852,2
2011-01-09,3963,0
2011-01-10,4301,0
2011-01-11,4364,2
2011-01-12,4269,2
2011-01-13,4343,0
2011-01-14,4451,0
2011-01-15,3868,0
2011-01-16,3787,0
2011-01-17,4431,0
2011-01-18,4248,0
2011-01-19,4368,0
2011-01-20,4411,0
2011-01-21,4418,0
2011-01-22,3929,0
2011-01-23,3961,0
2011-01-24,4278,0
2011-01-25,4400,0
2011-01-26,4360,0
2011-01-27,4280,0
2011-01-28,4433,0
2011-01-29,3848,0
2011-01-30,3993,0
2011-01-31,4300,0
2011-02-01,4337,0
2011-02-02,4298,0
2011-02-03,4360,0
2011-02-04,4366,0
2011-02-05,3855,0
2011-02-06,4074,0
2011-02-07,4251,0
2011-02-08,4358,0
2011-02-09,4258,0
2011-02-10,4389,0
2011-02-11,4393,0
2011-02-12,3817,0
2011-02-13,3952,0
2011-02-14,4200,0
2011-02-15,4449,0
2011-02-16,4449,0
2011-02-17,4331,0
2011-02-18,4316,0
2011-02-19,3905,0
2011-02-20,3975,0
2011-02-21,4299,0
2011-02-22,4375,0
2011-02-23,4368,0
2011-02-24,4434,0
2011-02-25,4463,0
2011-02-26,3813,0
2011-02-27,3897,0
2011-02-28,4336,0
2011-03-01,4487,0
2011-03-02,4239,0
2011-03-03,4284,0
2011-03-04,4475,0
2011-03-05,3909,0
2011-03-06,4001,0
2011-03-07,4465,0
2011-03-08,4438,0
2011-03-09,4431,0
2011-03-10,4236,0
2011-03-11,4322,0
2011-03-12,3880,0
2011-03-13,4010,0
2011-03-14,4314,0
2011-03-15,4343,0
2011-03-16,4333,0
2011-03-17,4251,0
2011-03-18,4451,0
2011-03-19,3903,0
2011-03-20,4072,0
2011-03-21,4394,0
2011-03-22,4270,0
2011-03-23,4366,0
2011-03-24,4370,0
2011-03-25,4389,0
2011-03-26,3943,0
2011-03-27,4057,0
2011-03-28,4398,0
2011-03-29,4412,0
2011-03-30,4340,0
2011-03-31,4271,0
2011-04-01,4432,0
2011-04-02,3936,0
2011-04-03,4095,0
2011-04-04,4448,0
2011-04-05,4392,0
2011-04-06,4466,0
2011-04-07,4461,0
2011-04-08,4297,0
2011-04-09,3979,0
2011-04-10,4067,0
2011-04-11,4460,0
2011-04-12,4416,0
2011-04-13,4434,0
2011-04-14,4443,0
2011-04-15,4482,0
2011-04-16,4023,0
2011-04-17,3989,0
2011-04-18,4303,0
2011-04-19,4366,0
2011-04-20,4393,0
2011-04-21,4418,0
2011-04-22,4442,0
2011-04-23,3968,0
2011-04-24,4161,0
2011-04-25,4394,0
2011-04-26,4328,0
2011-04-27,4439,0
2011-04-28,4371,0
2011-04-29,4389,0
2011-04-30,3908,0
2011-05-01,3998,0
2011-05-02,4388,0
2011-05-03,4423,0
2011-05-04,4338,0
2011-05-05,4337,0
2011-05-06,4379,0
2011-05-07,3918,0
2011-05-08,4029,0
2011-05-09,4426,0
2011-05-10,4487,0
2011-05-11,4288,0
2011-05-12,4367,0
2011-05-13,4504,0
2011-05-14,3865,0
2011-05-15,4090,0
2011-05-16,4289,0
2011-05-17,4316,0
2011-05-18,4459,0
2011-05-19,4452,0
2011-05-20,4317,0
2011-05-21,3942,0
2011-05-22,4026,0
2011-05-23,4361,0
2011-05-24,4457,0
2011-05-25,4383,0
2011-05-26,4374,0
2011-05-27,4296,0
2011-05-28,3851,0
2011-05-29,3982,0
2011-05-30,4400,0
2011-05-31,4331,0
2011-06-01,4341,0
2011-06-02,4418,0
2011-06-03,4551,0
2011-06-04,3847,0
2011-06-05,4108,0
2011-06-06,4358,0
2011-06-07,4334,0
2011-06-08,4506,0
2011-06-09,4413,0
2011-06-10,4471,0
2011-06-11,4003,0
2011-06-12,4139,0
2011-06-13,4453,0
2011-06-14,4553,0
2011-06-15,4473,0
2011-06-16,4407,0
2011-06-17,4489,0
2011-06-18,3986,0
2011-06-19,4050,0
2011-06-20,4444,0
2011-06-21,4385,0
2011-06-22,4473,0
2011-06-23,4510,0
2011-06-24,4323,0
2011-06-25,3949,0
2011-06-26,4054,0
2011-06-27,4415,0
2011-06-28,4397,0
2011-06-29,4358,0
2011-06-30,4444,0
2011-07-01,4523,0
2011-07-02,3998,0
2011-07-03,4107,0
2011-07-04,4477,0
2011-07-05,4415,0
2011-07-06,4388,0
2011-07-07,4436,0
2011-07-08,4395,0
2011-07-09,3920,0
2011-07-10,4174,0
2011-07-11,4379,0
2011-07-12,4432,0
2011-07-13,4533,0
2011-07-14,4544,0
2011-07-15,4467,0
2011-07-16,3982,0
2011-07-17,4034,0
2011-07-18,4404,0
2011-07-19,4422,0
2011-07-20,4433,0
2011-07-21,4322,0
2011-07-22,4538,0
2011-07-23,3960,0
2011-07-24,4101,0
2011-07-25,4474,0
2011-07-26,4399,0
2011-07-27,4454,0
2011-07-28,4341,0
2011-07-29,4406,0
2011-07-30,3964,0
2011-07-31,4073,0
2011-08-01,4457,0
2011-08-02,4403,0
2011-08-03,4396,0
2011-08-04,4381,0
2011-08-05,4400,0
2011-08-06,3974,0
2011-08-07,4141,0
2011-08-08,4470,0
2011-08-09,4443,0
2011-08-10,4481,0
2011-08-11,4375,0
2011-08-12,4588,0
2011-08-13,4160,0
2011-08-14,4125,0
2011-08-15,4466,0
2011-08-16,4507,0
2011-08-17,4376,0
2011-08-18,4504,0
2011-08-19,4480,0
2011-08-20,3966,0
2011-08-21,4162,0
2011-08-22,4497,0
2011-08-23,4408,0
2011-08-24,4435,0
2011-08-25,4380,0
2011-08-26,4551,0
2011-08-27,4116,0
2011-08-28,4192,0
2011-08-29,4456,0
2011-08-30,4502,0
2011-08-31,4465,0
2011-09-01,4512,0
2011-09-02,4500,0
2011-09-03,3968,0
2011-09-04,4087,0
2011-09-05,4591,0
2011-09-06,4372,0
2011-09-07,4281,0
2011-09-08,4457,0
2011-09-09,4529,0
2011-09-10,3953,0
2011-09-11,4239,0
2011-09-12,4495,0
2011-09-13,4485,0
2011-09-14,4439,0
2011-09-15,4509,0
2011-09-16,4514,0
2011-09-17,3880,0
2011-09-18,3918,0
2011-09-19,4366,0
2011-09-20,4467,0
2011-09-21,4465,0
2011-09-22,4455,0
2011-09-23,4408,0
2011-09-24,3927,0
2011-09-25,3980,0
2011-09-26,4551,0
2011-09-27,4334,0
2011-09-28,4450,0
2011-09-29,4381,0
2011-09-30,4576,0
2011-10-01,4112,0
2011-10-02,4092,0
2011-10-03,4512,0
2011-10-04,4427,0
2011-10-05,4502,0
2011-10-06,4328,0
2011-10-07,4371,0
2011-10-08,3905,0
2011-10-09,4064,0
2011-10-10,4485,0
2011-10-11,4464,0
2011-10-12,4455,0
2011-10-13,4449,0
2011-10-14,4669,0
2011-10-15,3895,0
2011-10-16,4219,0
2011-10-17,4450,0
2011-10-18,4426,0
2011-10-19,4503,0
2011-10-20,4441,0
2011-10-21,4544,0
2011-10-22,4020,0
2011-10-23,4137,0
2011-10-24,4402,0
2011-10-25,4453,0
2011-10-26,4591,0
2011-10-27,4441,0
2011-10-28,4464,0
2011-10-29,4143,0
2011-10-30,3992,0
2011-10-31,4410,0
2011-11-01,4403,0
2011-11-02,4562,0
2011-11-03,4495,0
2011-11-04,4431,0
2011-11-05,3923,0
2011-11-06,4089,0
2011-11-07,4299,0
2011-11-08,4393,0
2011-11-09,4508,0
2011-11-10,4503,0
2011-11-11,4614,0
2011-11-12,4062,0
2011-11-13,4144,0
2011-11-14,4519,0
2011-11-15,4485,0
2011-11-16,4487,0
2011-11-17,4410,0
2011-11-18,4499,0
2011-11-19,3932,0
2011-11-20,3913,0
2011-11-21,4458,0
2011-11-22,4439,0
2011-11-23,4467,0
2011-11-24,4564,0
2011-11-25,4509,0
2011-11-26,3962,0
2011-11-27,4045,0
2011-11-28,4405,0
2011-11-29,4429,0
2011-11-30,4490,0
2011-12-01,4349,0
2011-12-02,4565,0
2011-12-03,3997,0
2011-12-04,4010,0
2011-12-05,4534,0
2011-12-06,4511,0
2011-12-07,4465,0
2011-12-08,4401,0
2011-12-09,4413,0
2011-12-10,4002,0
2011-12-11,4135,0
2011-12-12,4544,0
2011-12-13,4474,0
2011-12-14,4449,0
2011-12-15,4485,0
2011-12-16,4603,0
2011-12-17,4001,0
2011-12-18,4162,0
2011-12-19,4516,0
2011-12-20,4480,0
2011-12-21,4462,0
2011-12-22,4382,0
2011-12-23,4519,0
2011-12-24,4028,0
2011-12-25,4758,0
2011-12-26,4433,0
2011-12-27,4458,0
2011-12-28,4376,0
2011-12-29,4470,0
2011-12-30,4432,0
2011-12-31,3873,0
2012-01-01,4760,0
2012-01-02,3942,0
2012-01-03,4353,2
2012-01-04,4471,3
2012-01-05,4573,3
2012-01-06,4339,6
2012-01-07,4607,20
2012-01-08,4002,6
2012-01-09,4177,0
2012-01-10,4492,5
2012-01-11,4552,2
2012-01-12,4416,4
2012-01-13,4530,0
2012-01-14,4539,1
2012-01-15,4016,7
2012-01-16,4178,0
2012-01-17,4545,12
2012-01-18,4407,16
2012-01-19,4414,9
2012-01-20,4478,7
2012-01-21,4621,19
2012-01-22,4014,7
2012-01-23,4084,0
2012-01-24,4545,11
2012-01-25,4596,11
2012-01-26,4476,15
2012-01-27,4478,3
2012-01-28,4522,7
2012-01-29,4091,0
2012-01-30,4206,2
2012-01-31,4572,0
2012-02-01,4393,4
2012-02-02,4440,12
2012-02-03,4482,11
2012-02-04,4603,1
2012-02-05,3908,4
2012-02-06,4181,0
2012-02-07,4493,5
2012-02-08,4507,5
2012-02-09,4499,10
2012-02-10,4509,5
2012-02-11,4573,4
2012-02-12,3923,4
2012-02-13,4175,0
2012-02-14,4620,9
2012-02-15,4648,15
2012-02-16,4485,9
2012-02-17,4467,5
2012-02-18,4593,11
2012-02-19,3968,7
2012-02-20,4164,2
2012-02-21,4605,8
2012-02-22,4523,3
2012-02-23,4457,9
2012-02-24,4511,7
2012-02-25,4547,5
2012-02-26,3936,3
2012-02-27,4049,0
2012-02-28,4602,6
2012-02-29,14,0
2012-03-01,4474,14
2012-03-02,4489,4
2012-03-03,4628,11
2012-03-04,3950,9
2012-03-05,4081,2
2012-03-06,4482,4
2012-03-07,4470,5
2012-03-08,4535,12
2012-03-09,4551,8
2012-03-10,4615,3
2012-03-11,4078,6
2012-03-12,4135,2
2012-03-13,4468,2
2012-03-14,4519,3
2012-03-15,4419,3
2012-03-16,4498,6
2012-03-17,4548,10
2012-03-18,4060,5
2012-03-19,4228,0
2012-03-20,4511,3
2012-03-21,4484,1
2012-03-22,4616,6
2012-03-23,4423,11
2012-03-24,4440,8
2012-03-25,4121,4
2012-03-26,4194,0
2012-03-27,4457,5
2012-03-28,4559,3
2012-03-29,4541,2
2012-03-30,4486,2
2012-03-31,4416,9
2012-04-01,4067,5
2012-04-02,4113,0
2012-04-03,4379,17
2012-04-04,4428,7
2012-04-05,4507,5
2012-04-06,4619,8
2012-04-07,4549,6
2012-04-08,4050,5
2012-04-09,4234,0
2012-04-10,4486,3
2012-04-11,4561,3
2012-04-12,4463,6
2012-04-13,4426,5
2012-04-14,4544,5
2012-04-15,3985,4
2012-04-16,4084,0
2012-04-17,4538,14
2012-04-18,4503,11
2012-04-19,4474,5
2012-04-20,4488,5
2012-04-21,4515,9
2012-04-22,4141,6
2012-04-23,4100,0
2012-04-24,4401,9
2012-04-25,4525,6
2012-04-26,4496,10
2012-04-27,4391,5
2012-04-28,4532,6
2012-04-29,4158,12
2012-04-30,4103,0
2012-05-01,4514,2
2012-05-02,4475,12
2012-05-03,4404,1
2012-05-04,4524,8
2012-05-05,4591,4
2012-05-06,4005,9
2012-05-07,4198,0
2012-05-08,4472,9
2012-05-09,4480,13
2012-05-10,4446,13
2012-05-11,4464,9
2012-05-12,4444,7
2012-05-13,4070,3
2012-05-14,4168,0
2012-05-15,4524,12
2012-05-16,4541,3
2012-05-17,4557,7
2012-05-18,4708,4
2012-05-19,4582,10
2012-05-20,4024,7
2012-05-21,4182,0
2012-05-22,4528,11
2012-05-23,4618,8
2012-05-24,4528,8
2012-05-25,4414,4
2012-05-26,4627,4
2012-05-27,3968,6
2012-05-28,4124,0
2012-05-29,4588,8
2012-05-30,4610,5
2012-05-31,4575,17
2012-06-01,4485,10
2012-06-02,4552,2
2012-06-03,4094,0
2012-06-04,4115,0
2012-06-05,4562,6
2012-06-06,4597,8
2012-06-07,4496,7
2012-06-08,4610,4
2012-06-09,4638,4
2012-06-10,4007,8
2012-06-11,4139,0
2012-06-12,4569,11
2012-06-13,4667,6
2012-06-14,4542,3
2012-06-15,4620,5
2012-06-16,4636,5
2012-06-17,4130,1
2012-06-18,4244,0
2012-06-19,4630,1
2012-06-20,4436,4
2012-06-21,4533,8
2012-06-22,4633,2
2012-06-23,4606,7
2012-06-24,4126,6
2012-06-25,4130,0
2012-06-26,4578,9
2012-06-27,4547,10
2012-06-28,4515,7
2012-06-29,4537,2
2012-06-30,4570,12
2012-07-01,4115,4
2012-07-02,4306,0
2012-07-03,4475,12
2012-07-04,4635,11
2012-07-05,4547,10
2012-07-06,4600,11
2012-07-07,4588,5
2012-07-08,4080,2
2012-07-09,4219,0
2012-07-10,4564,0
2012-07-11,4464,4
2012-07-12,4468,9
2012-07-13,4478,3
2012-07-14,4535,11
2012-07-15,4144,19
2012-07-16,4173,0
2012-07-17,4501,0
2012-07-18,4576,4
2012-07-19,4533,5
2012-07-20,4473,3
2012-07-21,4440,6
2012-07-22,4192,8
2012-07-23,4289,0
2012-07-24,4504,3
2012-07-25,4380,5
2012-07-26,4465,2
2012-07-27,4448,3
2012-07-28,4727,1
2012-07-29,4169,7
2012-07-30,4177,0
2012-07-31,4475,8
2012-08-01,4648,13
2012-08-02,4553,10
2012-08-03,4541,6
2012-08-04,4578,4
2012-08-05,4028,12
2012-08-06,4136,2
2012-08-07,4570,4
2012-08-08,4658,9
2012-08-09,4493,10
2012-08-10,4506,6
2012-08-11,4600,7
2012-08-12,4086,12
2012-08-13,4165,4
2012-08-14,4472,13
2012-08-15,4553,15
2012-08-16,4366,12
2012-08-17,4541,0
2012-08-18,4532,2
2012-08-19,4042,0
2012-08-20,4122,0
2012-08-21,4581,0
2012-08-22,4405,2
2012-08-23,4547,0
2012-08-24,4594,0
2012-08-25,4589,0
2012-08-26,4087,0
2012-08-27,4126,0
2012-08-28,4459,0
2012-08-29,4466,0
2012-08-30,4615,0
2012-08-31,4591,0
2012-09-01,4507,0
2012-09-02,4066,0
2012-09-03,4347,0
2012-09-04,4634,0
2012-09-05,4580,0
2012-09-06,4599,0
2012-09-07,4541,0
2012-09-08,4634,0
2012-09-09,4185,0
2012-09-10,4255,0
2012-09-11,4533,0
2012-09-12,4530,0
2012-09-13,4569,0
2012-09-14,4512,0
2012-09-15,4563,0
2012-09-16,4077,0
2012-09-17,4152,0
2012-09-18,4416,0
2012-09-19,4449,0
2012-09-20,4546,0
2012-09-21,4595,0
2012-09-22,4578,0
2012-09-23,4052,0
2012-09-24,4149,0
2012-09-25,4535,0
2012-09-26,4586,0
2012-09-27,4602,0
2012-09-28,4624,0
2012-09-29,4501,0
2012-09-30,4000,0
2012-10-01,4258,0
2012-10-02,4704,0
2012-10-03,4447,0
2012-10-04,4523,0
2012-10-05,4546,0
2012-10-06,4560,0
2012-10-07,4142,0
2012-10-08,4164,0
2012-10-09,4433,0
2012-10-10,4507,0
2012-10-11,4515,0
2012-10-12,4540,0
2012-10-13,4646,0
2012-10-14,4082,0
2012-10-15,4185,0
2012-10-16,4696,0
2012-10-17,4456,0
2012-10-18,4470,0
2012-10-19,4555,0
2012-10-20,4580,0
2012-10-21,4116,0
2012-10-22,4210,0
2012-10-23,4445,0
2012-10-24,4548,0
2012-10-25,4430,0
2012-10-26,4483,0
2012-10-27,4572,0
2012-10-28,3969,0
2012-10-29,4177,0
2012-10-30,4547,0
2012-10-31,4467,0
2012-11-01,4597,0
2012-11-02,4565,0
2012-11-03,4562,0
2012-11-04,4031,0
2012-11-05,4171,0
2012-11-06,4496,0
2012-11-07,4444,0
2012-11-08,4678,0
2012-11-09,4553,0
2012-11-10,4575,0
2012-11-11,4112,0
2012-11-12,4046,0
2012-11-13,4647,0
2012-11-14,4514,0
2012-11-15,4590,0
2012-11-16,4456,0
2012-11-17,4625,0
2012-11-18,4054,0
2012-11-19,4159,0
2012-11-20,4536,0
2012-11-21,4479,0
2012-11-22,4530,0
2012-11-23,4529,0
2012-11-24,4559,0
2012-11-25,4038,0
2012-11-26,4195,0
2012-11-27,4516,0
2012-11-28,4534,0
2012-11-29,4642,0
2012-11-30,4596,0
2012-12-01,4685,0
2012-12-02,4062,0
2012-12-03,4093,0
2012-12-04,4551,0
2012-12-05,4538,0
2012-12-06,4490,0
2012-12-07,4490,0
2012-12-08,4573,0
2012-12-09,4029,0
2012-12-10,4167,0
2012-12-11,4453,0
2012-12-12,4548,0
2012-12-13,4470,0
2012-12-14,4609,0
2012-12-15,4606,0
2012-12-16,4132,0
2012-12-17,4225,0
2012-12-18,4665,0
2012-12-19,4578,0
2012-12-20,4505,0
2012-12-21,4598,0
2012-12-22,4557,0
2012-12-23,4164,0
2012-12-24,4251,0
2012-12-25,4643,0
2012-12-26,4486,0
2012-12-27,4635,0
2012-12-28,4526,0
2012-12-29,4605,0
2012-12-30,4075,0
2012-12-31,4207,0
2013-01-01,4671,0
2013-01-02,4025,0
2013-01-03,4575,0
2013-01-04,4447,0
2013-01-05,4570,0
2013-01-06,4541,0
2013-01-07,4613,0
2013-01-08,4121,0
2013-01-09,4187,0
2013-01-10,4625,0
2013-01-11,4749,0
2013-01-12,4551,0
2013-01-13,4539,0
2013-01-14,4679,0
2013-01-15,4044,0
2013-01-16,4086,0
2013-01-17,4527,0
2013-01-18,4484,0
2013-01-19,4539,0
2013-01-20,4526,0
2013-01-21,4574,0
2013-01-22,4010,0
2013-01-23,4073,0
2013-01-24,4449,0
2013-01-25,4652,0
2013-01-26,4490,0
2013-01-27,4495,0
2013-01-28,4592,0
2013-01-29,4027,0
2013-01-30,4061,0
2013-01-31,4622,0
2013-02-01,4614,0
2013-02-02,4506,0
2013-02-03,4703,0
2013-02-04,4739,0
2013-02-05,4094,0
2013-02-06,4174,0
2013-02-07,4607,0
2013-02-08,4610,0
2013-02-09,4604,0
2013-02-10,4580,0
2013-02-11,4638,0
2013-02-12,4109,0
2013-02-13,4280,0
2013-02-14,4524,0
2013-02-15,4538,0
2013-02-16,4649,3
2013-02-17,4517,6
2013-02-18,4623,0
2013-02-19,4125,10
2013-02-20,4198,0
2013-02-21,4728,1
2013-02-22,4533,0
2013-02-23,4557,3
2013-02-24,4543,6
2013-02-25,4735,0
2013-02-26,4090,7
2013-02-27,4369,0
2013-02-28,4553,5
2013-03-01,4583,2
2013-03-02,4688,3
2013-03-03,4513,2
2013-03-04,4649,2
2013-03-05,4045,7
2013-03-06,4311,2
2013-03-07,4612,9
2013-03-08,4568,0
2013-03-09,4654,7
2013-03-10,4714,13
2013-03-11,4709,0
2013-03-12,4118,6
2013-03-13,4163,2
2013-03-14,4659,0
2013-03-15,4628,0
2013-03-16,4581,0
2013-03-17,4653,0
2013-03-18,4615,0
2013-03-19,4100,0
2013-03-20,4259,0
2013-03-21,4576,0
2013-03-22,4604,0
2013-03-23,4571,0
2013-03-24,4686,0
2013-03-25,4660,0
2013-03-26,4188,0
2013-03-27,4314,0
2013-03-28,4456,0
2013-03-29,4631,0
2013-03-30,4628,0
2013-03-31,4723,0
2013-04-01,4760,0
2013-04-02,4001,0
2013-04-03,4270,0
2013-04-04,4577,0
2013-04-05,4642,0
2013-04-06,4640,0
2013-04-07,4649,0
2013-04-08,4645,0
2013-04-09,4163,0
2013-04-10,4211,0
2013-04-11,4633,0
2013-04-12,4594,0
2013-04-13,4723,0
2013-04-14,4614,0
2013-04-15,4551,0
2013-04-16,4153,0
2013-04-17,4347,0
2013-04-18,4586,0
2013-04-19,4731,0
2013-04-20,4625,0
2013-04-21,4708,0
2013-04-22,4512,0
2013-04-23,4149,0
2013-04-24,4224,0
2013-04-25,4637,0
2013-04-26,4590,0
2013-04-27,4519,0
2013-04-28,4623,0
2013-04-29,4725,0
2013-04-30,4123,0
2013-05-01,4244,0
2013-05-02,4609,0
2013-05-03,4593,0
2013-05-04,4625,0
2013-05-05,4589,0
2013-05-06,4686,0
2013-05-07,4121,0
2013-05-08,4266,0
2013-05-09,4748,0
2013-05-10,4639,0
2013-05-11,4620,0
2013-05-12,4666,0
2013-05-13,4642,0
2013-05-14,4170,0
2013-05-15,4254,0
2013-05-16,4680,0
2013-05-17,4666,0
2013-05-18,4579,0
2013-05-19,4701,0
2013-05-20,4691,0
2013-05-21,4039,0
2013-05-22,4307,0
2013-05-23,4689,0
2013-05-24,4572,0
2013-05-25,4562,0
2013-05-26,4708,0
2013-05-27,4649,0
2013-05-28,4140,0
2013-05-29,4284,0
2013-05-30,4750,0
2013-05-31,4657,0
2013-06-01,4590,0
2013-06-02,4666,0
2013-06-03,4630,0
2013-06-04,4214,0
2013-06-05,4152,0
2013-06-06,4580,0
2013-06-07,4660,0
2013-06-08,4586,0
2013-06-09,4729,0
2013-06-10,4726,0
2013-06-11,4127,0
2013-06-12,4305,0
2013-06-13,4749,0
2013-06-14,4627,0
2013-06-15,4618,0
2013-06-16,4592,0
2013-06-17,4726,0
2013-06-18,4203,0
2013-06-19,4344,0
2013-06-20,4624,0
2013-06-21,4658,0
2013-06-22,4609,0
2013-06-23,4652,0
2013-06-24,4746,0
2013-06-25,4225,0
2013-06-26,4473,0
2013-06-27,4578,0
2013-06-28,4799,0
2013-06-29,4630,0
2013-06-30,4639,0
2013-07-01,4770,0
2013-07-02,4293,0
2013-07-03,4362,0
2013-07-04,4741,0
2013-07-05,4740,0
2013-07-06,4704,0
2013-07-07,4714,0
2013-07-08,4768,0
2013-07-09,4154,0
2013-07-10,4331,0
2013-07-11,4618,0
2013-07-12,4603,0
2013-07-13,4721,0
2013-07-14,4754,0
2013-07-15,4843,0
2013-07-16,4237,0
2013-07-17,4399,0
2013-07-18,4742,0
2013-07-19,4688,11
2013-07-20,4613,10
2013-07-21,4585,12
2013-07-22,4602,9
2013-07-23,4201,0
2013-07-24,4305,0
2013-07-25,4751,2
2013-07-26,4750,33
2013-07-27,4665,17
2013-07-28,4590,11
2013-07-29,4742,7
2013-07-30,4178,2
2013-07-31,4227,0
2013-08-01,4655,2
2013-08-02,4650,21
2013-08-03,4565,18
2013-08-04,4622,26
2013-08-05,4715,9
2013-08-06,4212,0
2013-08-07,4327,2
2013-08-08,4594,0
2013-08-09,4525,28
2013-08-10,4555,19
2013-08-11,4574,5
2013-08-12,4715,12
2013-08-13,4185,0
2013-08-14,4313,0
2013-08-15,4649,4
2013-08-16,4628,15
2013-08-17,4636,17
2013-08-18,4621,18
2013-08-19,4809,17
2013-08-20,4239,0
2013-08-21,4333,0
2013-08-22,4672,0
2013-08-23,4749,43
2013-08-24,4731,17
2013-08-25,4720,28
2013-08-26,4701,12
2013-08-27,4255,4
2013-08-28,4236,0
2013-08-29,4609,2
2013-08-30,4740,18
2013-08-31,4682,14
2013-09-01,4640,10
2013-09-02,4711,5
2013-09-03,4160,2
2013-09-04,4304,0
2013-09-05,4729,2
2013-09-06,4820,22
2013-09-07,4733,23
2013-09-08,4671,14
2013-09-09,4673,4
2013-09-10,4163,0
2013-09-11,4236,2
2013-09-12,4680,0
2013-09-13,4606,13
2013-09-14,4567,24
2013-09-15,4545,14
2013-09-16,4633,18
2013-09-17,4079,0
2013-09-18,4291,2
2013-09-19,4661,0
2013-09-20,4600,26
2013-09-21,4707,18
2013-09-22,4764,13
2013-09-23,4772,30
2013-09-24,4205,0
2013-09-25,4247,2
2013-09-26,4616,0
2013-09-27,4639,35
2013-09-28,4690,72
2013-09-29,4653,34
2013-09-30,4631,15
2013-10-01,4172,2
2013-10-02,4226,8
2013-10-03,4731,4
2013-10-04,4661,25
2013-10-05,4768,29
2013-10-06,4551,21
2013-10-07,4613,6
2013-10-08,4111,2
2013-10-09,4362,4
2013-10-10,4740,0
2013-10-11,4619,15
2013-10-12,4733,20
2013-10-13,4741,11
2013-10-14,4762,22
2013-10-15,4146,0
2013-10-16,4138,0
2013-10-17,4692,2
2013-10-18,4907,65
2013-10-19,4606,73
2013-10-20,4721,21
2013-10-21,4748,10
2013-10-22,4091,2
2013-10-23,4206,0
2013-10-24,4675,0
2013-10-25,4707,33
2013-10-26,4686,30
2013-10-27,4669,23
2013-10-28,4702,3
2013-10-29,4147,0
2013-10-30,4240,0
2013-10-31,4615,2
2013-11-01,4578,32
2013-11-02,4628,9
2013-11-03,4741,6
2013-11-04,4649,7
2013-11-05,4116,0
2013-11-06,4257,0
2013-11-07,4792,0
2013-11-08,4515,10
2013-11-09,4611,12
2013-11-10,4648,5
2013-11-11,4671,5
2013-11-12,4254,6
2013-11-13,4336,0
2013-11-14,4691,0
2013-11-15,4643,25
2013-11-16,4676,19
2013-11-17,4497,17
2013-11-18,4828,11
2013-11-19,4182,0
2013-11-20,4178,2
2013-11-21,4606,0
2013-11-22,4557,13
2013-11-23,4675,17
2013-11-24,4771,8
2013-11-25,4610,10
2013-11-26,4187,0
2013-11-27,4252,0
2013-11-28,4711,0
2013-11-29,4695,36
2013-11-30,4582,31
2013-12-01,4601,10
2013-12-02,4755,8
2013-12-03,4206,0
2013-12-04,4116,0
2013-12-05,4835,0
2013-12-06,4688,32
2013-12-07,4690,15
2013-12-08,4789,17
2013-12-09,4650,6
2013-12-10,4142,6
2013-12-11,4306,3
2013-12-12,4663,0
2013-12-13,4568,23
2013-12-14,4780,24
2013-12-15,4605,24
2013-12-16,4731,16
2013-12-17,4161,3
2013-12-18,4251,2
2013-12-19,4626,0
2013-12-20,4639,26
2013-12-21,4714,19
2013-12-22,4732,9
2013-12-23,4677,3
2013-12-24,4164,3
2013-12-25,4865,4
2013-12-26,4627,3
2013-12-27,4558,36
2013-12-28,4710,35
2013-12-29,4552,12
2013-12-30,4623,4
2013-12-31,4165,0
2014-01-01,4801,4
2014-01-02,4230,1
2014-01-03,4754,0
2014-01-04,4776,31
2014-01-05,4754,22
2014-01-06,4721,12
2014-01-07,4660,15
2014-01-08,4242,0
2014-01-09,4323,0
2014-01-10,4724,0
2014-01-11,4690,11
2014-01-12,4613,18
2014-01-13,4698,30
2014-01-14,4667,9
2014-01-15,4191,5
2014-01-16,4317,0
2014-01-17,4717,0
2014-01-18,4600,25
2014-01-19,4632,29
2014-01-20,4741,14
2014-01-21,4824,7
2014-01-22,4173,3
2014-01-23,4260,0
2014-01-24,4601,0
2014-01-25,4771,30
2014-01-26,4651,24
2014-01-27,4694,19
2014-01-28,4734,2
2014-01-29,4276,0
2014-01-30,4330,0
2014-01-31,4682,2
2014-02-01,4720,25
2014-02-02,4791,8
2014-02-03,4607,4
2014-02-04,4763,4
2014-02-05,4180,0
2014-02-06,4296,0
2014-02-07,4639,0
2014-02-08,4696,44
2014-02-09,4649,34
2014-02-10,4708,16
2014-02-11,4567,16
2014-02-12,4207,3
2014-02-13,4362,2
2014-02-14,4648,4
2014-02-15,4696,12
2014-02-16,4739,23
2014-02-17,4685,19
2014-02-18,4693,2
2014-02-19,4203,0
2014-02-20,4267,2
2014-02-21,4861,0
2014-02-22,4681,21
2014-02-23,4708,20
2014-02-24,4678,10
2014-02-25,4815,3
2014-02-26,4172,0
2014-02-27,4385,2
2014-02-28,4685,0
2014-03-01,4731,20
2014-03-02,4751,24
2014-03-03,4661,9
2014-03-04,4709,11
2014-03-05,4181,0
2014-03-06,4309,2
2014-03-07,4664,0
2014-03-08,4629,41
2014-03-09,4785,35
2014-03-10,4640,41
2014-03-11,4807,17
2014-03-12,4198,4
2014-03-13,4326,0
2014-03-14,4646,0
2014-03-15,4687,22
2014-03-16,4686,10
2014-03-17,4677,6
2014-03-18,4799,6
2014-03-19,4070,0
2014-03-20,4199,0
2014-03-21,4704,0
2014-03-22,4627,20
2014-03-23,4591,7
2014-03-24,4733,0
2014-03-25,4646,0
2014-03-26,4228,0
2014-03-27,4366,0
2014-03-28,4631,0
2014-03-29,4698,38
2014-03-30,4594,27
2014-03-31,4669,18
2014-04-01,4800,7
2014-04-02,4122,4
2014-04-03,4379,2
2014-04-04,4598,0
2014-04-05,4668,46
2014-04-06,4715,24
2014-04-07,4690,10
2014-04-08,4703,12
2014-04-09,4212,0
2014-04-10,4282,0
2014-04-11,4660,2
2014-04-12,4628,0
2014-04-13,4736,0
2014-04-14,4599,0
2014-04-15,4718,0
2014-04-16,4146,0
2014-04-17,4327,0
2014-04-18,4683,0
2014-04-19,4534,0
2014-04-20,4637,0
2014-04-21,4642,0
2014-04-22,4633,0
2014-04-23,4289,0
2014-04-24,4314,0
2014-04-25,4662,0
2014-04-26,4758,0
2014-04-27,4764,0
2014-04-28,4654,0
2014-04-29,4806,0
2014-04-30,4159,0
2014-05-01,4264,0
2014-05-02,4632,0
2014-05-03,4679,0
2014-05-04,4610,0
2014-05-05,4680,0
2014-05-06,4701,0
2014-05-07,4062,0
2014-05-08,4403,0
2014-05-09,4619,0
2014-05-10,4645,0
2014-05-11,4670,0
2014-05-12,4731,0
2014-05-13,4777,0
2014-05-14,4095,0
2014-05-15,4319,0
2014-05-16,4632,0
2014-05-17,4607,0
2014-05-18,4770,0
2014-05-19,4638,0
2014-05-20,4735,0
2014-05-21,4256,0
2014-05-22,4246,0
2014-05-23,4662,0
2014-05-24,4614,0
2014-05-25,4743,0
2014-05-26,4734,0
2014-05-27,4620,0
2014-05-28,4366,0
2014-05-29,4202,0
2014-05-30,4675,0
2014-05-31,4634,0
2014-06-01,4584,0
2014-06-02,4724,0
2014-06-03,4779,0
2014-06-04,4240,0
2014-06-05,4267,0
2014-06-06,4682,0
2014-06-07,4667,0
2014-06-08,4665,0
2014-06-09,4748,0
2014-06-10,4763,0
2014-06-11,4154,0
2014-06-12,4280,0
2014-06-13,4722,0
2014-06-14,4559,0
2014-06-15,4672,0
2014-06-16,4891,0
2014-06-17,4659,0
2014-06-18,4150,0
2014-06-19,4369,0
2014-06-20,4704,0
2014-06-21,4689,0
2014-06-22,4672,0
2014-06-23,4779,0
2014-06-24,4783,0
2014-06-25,4155,0
2014-06-26,4442,0
2014-06-27,4758,0
2014-06-28,4694,0
2014-06-29,4715,0
2014-06-30,4682,0
2014-07-01,4729,0
2014-07-02,4175,0
2014-07-03,4430,0
2014-07-04,4737,0
2014-07-05,4752,0
2014-07-06,4594,0
2014-07-07,4753,0
2014-07-08,4774,0
2014-07-09,4243,0
2014-07-10,4260,0
2014-07-11,4665,0
2014-07-12,4543,0
2014-07-13,4687,0
2014-07-14,4606,0
2014-07-15,4729,0
2014-07-16,4218,0
2014-07-17,4223,0
2014-07-18,4657,0
2014-07-19,4798,0
2014-07-20,4739,0
2014-07-21,4728,0
2014-07-22,4745,0
2014-07-23,4229,0
2014-07-24,4361,0
2014-07-25,4666,0
2014-07-26,4690,0
2014-07-27,4831,0
2014-07-28,4753,0
2014-07-29,4769,0
2014-07-30,4146,0
2014-07-31,4234,0
2014-08-01,4563,0
2014-08-02,4559,0
2014-08-03,4786,0
2014-08-04,4706,0
2014-08-05,4768,0
2014-08-06,4191,0
2014-08-07,4263,0
2014-08-08,4791,0
2014-08-09,4722,0
2014-08-10,4722,0
2014-08-11,4752,0
2014-08-12,4879,0
2014-08-13,4220,0
2014-08-14,4407,0
2014-08-15,4651,0
2014-08-16,4619,0
2014-08-17,4772,0
2014-08-18,4795,0
2014-08-19,4737,0
2014-08-20,4307,0
2014-08-21,4312,0
2014-08-22,4728,0
2014-08-23,4849,0
2014-08-24,4719,0
2014-08-25,4734,0
2014-08-26,4785,0
2014-08-27,4274,0
2014-08-28,4332,0
2014-08-29,4688,0
2014-08-30,4484,0
2014-08-31,4714,0
2014-09-01,4851,0
2014-09-02,4845,0
2014-09-03,4184,0
2014-09-04,4323,0
2014-09-05,4765,0
2014-09-06,4714,0
2014-09-07,4677,0
2014-09-08,4702,0
2014-09-09,4835,0
2014-09-10,4053,0
2014-09-11,4247,0
2014-09-12,4639,0
2014-09-13,4771,0
2014-09-14,4655,0
2014-09-15,4750,0
2014-09-16,4753,0
2014-09-17,4284,0
2014-09-18,4304,0
2014-09-19,4659,0
2014-09-20,4710,0
2014-09-21,4601,0
2014-09-22,4639,0
2014-09-23,4701,0
2014-09-24,4371,0
2014-09-25,4337,0
2014-09-26,4716,0
2014-09-27,4756,0
2014-09-28,4711,0
2014-09-29,4704,0
2014-09-30,4889,0
2014-10-01,4230,0
2014-10-02,4344,0
2014-10-03,4728,0
2014-10-04,4734,0
2014-10-05,4787,0
2014-10-06,4670,0
2014-10-07,4786,0
2014-10-08,4248,0
2014-10-09,4394,0
2014-10-10,4637,0
2014-10-11,4787,0
2014-10-12,4700,0
2014-10-13,4792,0
2014-10-14,4770,0
2014-10-15,4250,0
2014-10-16,4351,0
2014-10-17,4572,0
2014-10-18,4671,0
2014-10-19,4681,0
2014-10-20,4594,0
2014-10-21,4732,0
2014-10-22,4196,0
2014-10-23,4259,0
2014-10-24,4842,0
2014-10-25,4658,0
2014-10-26,4696,0
2014-10-27,4673,0
2014-10-28,4660,0
2014-10-29,4126,0
2014-10-30,4114,0
2014-10-31,4682,0
2014-11-01,4586,0
2014-11-02,4654,0
2014-11-03,4574,0
2014-11-04,4731,0
2014-11-05,4146,0
2014-11-06,4426,0
2014-11-07,4640,0
2014-11-08,4684,0
2014-11-09,4768,0
2014-11-10,4825,0
2014-11-11,4850,0
2014-11-12,4196,0
2014-11-13,4429,0
2014-11-14,4682,0
2014-11-15,4723,0
2014-11-16,4759,0
2014-11-17,4725,0
2014-11-18,4868,0
2014-11-19,4236,0
2014-11-20,4371,0
2014-11-21,4739,0
2014-11-22,4755,0
2014-11-23,4706,0
2014-11-24,4743,0
2014-11-25,4830,0
2014-11-26,4182,0
2014-11-27,4388,0
2014-11-28,4696,0
2014-11-29,4794,0
2014-11-30,4582,0
2014-12-01,4772,0
2014-12-02,4798,0
2014-12-03,4183,0
2014-12-04,4421,0
2014-12-05,4697,0
2014-12-06,4709,0
2014-12-07,4618,0
2014-12-08,4724,0
2014-12-09,4785,0
2014-12-10,4101,0
2014-12-11,4340,0
2014-12-12,4697,0
2014-12-13,4688,0
2014-12-14,4825,0
2014-12-15,4735,0
2014-12-16,4738,0
2014-12-17,4411,0
2014-12-18,4357,0
2014-12-19,4651,0
2014-12-20,4722,0
2014-12-21,4690,0
2014-12-22,4820,0
2014-12-23,4699,0
2014-12-24,4227,0
2014-12-25,4942,0
2014-12-26,4855,0
2014-12-27,4712,0
2014-12-28,4789,0
2014-12-29,4760,0
2014-12-30,4711,0
2014-12-31,4298,0
2015-01-01,4959,0
2015-01-02,4166,0
2015-01-03,4674,0
2015-01-04,4782,0
2015-01-05,4685,0
2015-01-06,4800,0
2015-01-07,4724,0
2015-01-08,4393,0
2015-01-09,4346,0
2015-01-10,4761,0
2015-01-11,4740,0
2015-01-12,4729,0
2015-01-13,4683,0
2015-01-14,4794,0
2015-01-15,4386,0
2015-01-16,4504,0
2015-01-17,4813,0
2015-01-18,4682,0
2015-01-19,4807,0
2015-01-20,4625,0
2015-01-21,4753,0
2015-01-22,4173,0
2015-01-23,4452,0
2015-01-24,4661,0
2015-01-25,4576,0
2015-01-26,4690,0
2015-01-27,4630,0
2015-01-28,4728,0
2015-01-29,4214,0
2015-01-30,4316,0
2015-01-31,4756,0
2015-02-01,4772,0
2015-02-02,4695,0
2015-02-03,4721,0
2015-02-04,4701,0
2015-02-05,4234,0
2015-02-06,4308,0
2015-02-07,4661,0
2015-02-08,4711,0
2015-02-09,4734,0
2015-02-10,4869,0
2015-02-11,4822,0
2015-02-12,4315,0
2015-02-13,4423,0
2015-02-14,4656,0
2015-02-15,4689,0
2015-02-16,4716,0
2015-02-17,4684,0
2015-02-18,4796,0
2015-02-19,4180,0
2015-02-20,4410,0
2015-02-21,4767,0
2015-02-22,4697,0
2015-02-23,4724,0
2015-02-24,4768,0
2015-02-25,4686,0
2015-02-26,4242,0
2015-02-27,4365,0
2015-02-28,4763,0
2015-03-01,4815,0
2015-03-02,4817,0
2015-03-03,4686,0
2015-03-04,4821,0
2015-03-05,4259,0
2015-03-06,4419,0
2015-03-07,4738,0
2015-03-08,4718,0
2015-03-09,4810,0
2015-03-10,4764,0
2015-03-11,4853,0
2015-03-12,4199,0
2015-03-13,4391,0
2015-03-14,4836,0
2015-03-15,4664,0
2015-03-16,4709,0
2015-03-17,4760,0
2015-03-18,4743,0
2015-03-19,4312,0
2015-03-20,4427,0
2015-03-21,4734,0
2015-03-22,4845,0
2015-03-23,4787,0
2015-03-24,4822,0
2015-03-25,4792,0
2015-03-26,4238,0
2015-03-27,4317,0
2015-03-28,4797,0
2015-03-29,4647,0
2015-03-30,4790,4
2015-03-31,4787,11
2015-04-01,4843,17
2015-04-02,4311,0
2015-04-03,4382,30
2015-04-04,4799,0
2015-04-05,4789,20
2015-04-06,4741,9
2015-04-07,4851,16
2015-04-08,4778,4
2015-04-09,4214,0
2015-04-10,4412,22
2015-04-11,4728,4
2015-04-12,4739,12
2015-04-13,4738,13
2015-04-14,4879,8
2015-04-15,4811,6
2015-04-16,4173,0
2015-04-17,4287,12
2015-04-18,4742,2
2015-04-19,4721,12
2015-04-20,4779,4
2015-04-21,4741,21
2015-04-22,4800,16
2015-04-23,4281,4
2015-04-24,4371,19
2015-04-25,4717,0
2015-04-26,4746,34
2015-04-27,4816,27
2015-04-28,4771,20
2015-04-29,4850,15
2015-04-30,4217,2
2015-05-01,4330,19
2015-05-02,4773,2
2015-05-03,4815,15
2015-05-04,4755,16
2015-05-05,4608,13
2015-05-06,4745,11
2015-05-07,4114,2
2015-05-08,4451,10
2015-05-09,4765,0
2015-05-10,4683,8
2015-05-11,4793,5
2015-05-12,4757,11
2015-05-13,4835,5
2015-05-14,4280,0
2015-05-15,4480,5
2015-05-16,4741,0
2015-05-17,4816,7
2015-05-18,4715,7
2015-05-19,4751,1
2015-05-20,4941,11
2015-05-21,4268,0
2015-05-22,4385,35
2015-05-23,4849,0
2015-05-24,4793,29
2015-05-25,4786,14
2015-05-26,4762,15
2015-05-27,4857,19
2015-05-28,4372,2
2015-05-29,4410,16
2015-05-30,4867,0
2015-05-31,4791,5
2015-06-01,4811,18
2015-06-02,4797,4
2015-06-03,4867,3
2015-06-04,4364,0
2015-06-05,4323,18
2015-06-06,4716,0
2015-06-07,4808,14
2015-06-08,4891,13
2015-06-09,4682,4
2015-06-10,4736,8
2015-06-11,4313,0
2015-06-12,4422,5
2015-06-13,4867,0
2015-06-14,4834,12
2015-06-15,4695,23
2015-06-16,4864,17
2015-06-17,4873,21
2015-06-18,4354,0
2015-06-19,4461,13
2015-06-20,4720,0
2015-06-21,4822,10
2015-06-22,4673,10
2015-06-23,4753,13
2015-06-24,4897,19
2015-06-25,4338,2
2015-06-26,4536,10
2015-06-27,4750,0
2015-06-28,4797,12
2015-06-29,4703,13
2015-06-30,4867,9
2015-07-01,4903,5
2015-07-02,4342,0
2015-07-03,4471,16
2015-07-04,4781,0
2015-07-05,4768,23
2015-07-06,4867,34
2015-07-07,4895,17
2015-07-08,4802,17
2015-07-09,4328,2
2015-07-10,4373,23
2015-07-11,4829,0
2015-07-12,4837,33
2015-07-13,4708,17
2015-07-14,4869,8
2015-07-15,4881,5
2015-07-16,4351,0
2015-07-17,4371,13
2015-07-18,4867,2
2015-07-19,4882,28
2015-07-20,4838,16
2015-07-21,4808,14
2015-07-22,4807,21
2015-07-23,4214,2
2015-07-24,4457,27
2015-07-25,4846,0
2015-07-26,4823,17
2015-07-27,4804,12
2015-07-28,4796,12
2015-07-29,4829,15
2015-07-30,4381,2
2015-07-31,4461,35
2015-08-01,4711,0
2015-08-02,4821,22
2015-08-03,4816,11
2015-08-04,4832,22
2015-08-05,4824,14
2015-08-06,4163,2
2015-08-07,4383,10
2015-08-08,4797,0
2015-08-09,4681,36
2015-08-10,4794,20
2015-08-11,4724,18
2015-08-12,4795,13
2015-08-13,4337,0
2015-08-14,4211,18
2015-08-15,4740,4
2015-08-16,4864,19
2015-08-17,4736,15
2015-08-18,4821,20
2015-08-19,4909,8
2015-08-20,4321,0
2015-08-21,4562,11
2015-08-22,4763,2
2015-08-23,4764,28
2015-08-24,4793,6
2015-08-25,4807,3
2015-08-26,4840,5
2015-08-27,4221,4
2015-08-28,4517,11
2015-08-29,4869,2
2015-08-30,4766,19
2015-08-31,4811,15
2015-09-01,4685,7
2015-09-02,4798,17
2015-09-03,4157,0
2015-09-04,4402,0
2015-09-05,4823,0
2015-09-06,4812,6
2015-09-07,4870,16
2015-09-08,4768,5
2015-09-09,4785,8
2015-09-10,4347,0
2015-09-11,4272,11
2015-09-12,4711,0
2015-09-13,4788,21
2015-09-14,4823,11
2015-09-15,4767,12
2015-09-16,4859,10
2015-09-17,4298,0
2015-09-18,4362,26
2015-09-19,4744,2
2015-09-20,4980,30
2015-09-21,4825,23
2015-09-22,4807,9
2015-09-23,4865,7
2015-09-24,4156,0
2015-09-25,4426,9
2015-09-26,4823,2
2015-09-27,4880,17
2015-09-28,4734,15
2015-09-29,4700,8
2015-09-30,4847,5
2015-10-01,4323,0
2015-10-02,4391,7
2015-10-03,4709,0
2015-10-04,4772,24
2015-10-05,4890,14
2015-10-06,4743,9
2015-10-07,4861,8
2015-10-08,4312,0
2015-10-09,4369,9
2015-10-10,4859,2
2015-10-11,4780,15
2015-10-12,4814,24
2015-10-13,4774,9
2015-10-14,4887,23
2015-10-15,4308,2
2015-10-16,4487,12
2015-10-17,4738,0
2015-10-18,4702,16
2015-10-19,4762,10
2015-10-20,4776,12
2015-10-21,4868,18
2015-10-22,4296,0
2015-10-23,4391,18
2015-10-24,4696,2
2015-10-25,4874,16
2015-10-26,4717,18
2015-10-27,4817,17
2015-10-28,4829,17
2015-10-29,4301,0
2015-10-30,4300,13
2015-10-31,4758,2
2015-11-01,4876,15
2015-11-02,4781,12
2015-11-03,4744,9
2015-11-04,4722,0
2015-11-05,4257,2
2015-11-06,4394,10
2015-11-07,4783,0
2015-11-08,4863,12
2015-11-09,4796,7
2015-11-10,4835,13
2015-11-11,4803,1
2015-11-12,4200,2
2015-11-13,4315,2
2015-11-14,4736,0
2015-11-15,4765,33
2015-11-16,4802,26
2015-11-17,4931,19
2015-11-18,4895,25
2015-11-19,4215,4
2015-11-20,4416,21
2015-11-21,4818,0
2015-11-22,4752,18
2015-11-23,4914,26
2015-11-24,4813,10
2015-11-25,4868,9
2015-11-26,4285,0
2015-11-27,4424,37
2015-11-28,4910,2
2015-11-29,4712,15
2015-11-30,4762,23
2015-12-01,4907,9
2015-12-02,4882,39
2015-12-03,4292,4
2015-12-04,4301,8
2015-12-05,4893,43
2015-12-06,4763,33
2015-12-07,4833,28
2015-12-08,4830,1
2015-12-09,5025,18
2015-12-10,4267,2
2015-12-11,4461,10
2015-12-12,4813,35
2015-12-13,4882,21
2015-12-14,4819,37
2015-12-15,4753,6
2015-12-16,4832,19
2015-12-17,4292,2
2015-12-18,4524,23
2015-12-19,4790,41
2015-12-20,4930,30
2015-12-21,4805,44
2015-12-22,4862,11
2015-12-23,4949,21
2015-12-24,4278,2
2015-12-25,4983,9
2015-12-26,4803,36
2015-12-27,4982,37
2015-12-28,4831,37
2015-12-29,4647,4
2015-12-30,4860,30
2015-12-31,4238,2
2016-01-01,4969,0
2016-01-02,4303,30
2016-01-03,4806,27
2016-01-04,4580,10
2016-01-05,4669,22
2016-01-06,4835,17
2016-01-07,4886,30
2016-01-08,4216,0
2016-01-09,4372,15
2016-01-10,4704,28
2016-01-11,4799,15
2016-01-12,4717,20
2016-01-13,4810,2
2016-01-14,4951,20
2016-01-15,4289,0
2016-01-16,4484,21
2016-01-17,4978,28
2016-01-18,4874,7
2016-01-19,4732,23
2016-01-20,4794,7
2016-01-21,4762,22
2016-01-22,4199,4
2016-01-23,4360,16
2016-01-24,4860,29
2016-01-25,4784,9
2016-01-26,4916,4
2016-01-27,4723,2
2016-01-28,4926,19
2016-01-29,4362,2
2016-01-30,4474,0
2016-01-31,4904,30
2016-02-01,4743,0
2016-02-02,4741,14
2016-02-03,4594,2
2016-02-04,4871,21
2016-02-05,4148,1
2016-02-06,4406,2
2016-02-07,4898,33
2016-02-08,4857,4
2016-02-09,4731,24
2016-02-10,4776,2
2016-02-11,4781,14
2016-02-12,4438,0
2016-02-13,4415,0
2016-02-14,4860,24
2016-02-15,4800,2
2016-02-16,4691,38
2016-02-17,4832,0
2016-02-18,4858,13
2016-02-19,4375,0
2016-02-20,4463,0
2016-02-21,4956,18
2016-02-22,4764,2
2016-02-23,4709,17
2016-02-24,4836,0
2016-02-25,4998,29
2016-02-26,4253,2
2016-02-27,4414,0
2016-02-28,4819,19
2016-02-29,28,4
2016-03-01,4783,16
2016-03-02,4720,0
2016-03-03,4832,26
2016-03-04,4162,0
2016-03-05,4362,2
2016-03-06,4789,18
2016-03-07,4754,2
2016-03-08,4855,14
2016-03-09,4776,0
2016-03-10,4869,9
2016-03-11,4381,0
2016-03-12,4270,0
2016-03-13,4775,29
2016-03-14,4865,2
2016-03-15,4791,33
2016-03-16,4779,0
2016-03-17,4775,29
2016-03-18,4240,2
2016-03-19,4361,0
2016-03-20,4735,22
2016-03-21,4619,2
2016-03-22,4786,13
2016-03-23,4728,0
2016-03-24,4806,13
2016-03-25,4302,0
2016-03-26,4429,0
2016-03-27,4896,27
2016-03-28,4710,2
2016-03-29,4742,25
2016-03-30,4896,0
2016-03-31,4897,33
2016-04-01,4419,0
2016-04-02,4386,4
2016-04-03,4746,28
2016-04-04,4797,4
2016-04-05,4763,25
2016-04-06,4722,0
2016-04-07,4788,10
2016-04-08,4187,4
2016-04-09,4390,2
2016-04-10,4740,28
2016-04-11,4792,2
2016-04-12,4794,14
2016-04-13,4742,0
2016-04-14,4864,27
2016-04-15,4354,0
2016-04-16,4333,0
2016-04-17,4973,35
2016-04-18,4731,0
2016-04-19,4813,19
2016-04-20,4810,0
2016-04-21,4815,17
2016-04-22,4274,0
2016-04-23,4328,4
2016-04-24,4894,16
2016-04-25,4737,0
2016-04-26,4809,30
2016-04-27,4691,0
2016-04-28,4786,41
2016-04-29,4210,0
2016-04-30,4440,2
2016-05-01,4723,42
2016-05-02,4793,0
2016-05-03,4819,25
2016-05-04,4783,2
2016-05-05,4959,23
2016-05-06,4315,0
2016-05-07,4361,0
2016-05-08,4827,23
2016-05-09,4731,0
2016-05-10,4753,15
2016-05-11,4740,0
2016-05-12,4922,23
2016-05-13,4219,0
2016-05-14,4434,0
2016-05-15,4866,29
2016-05-16,4814,0
2016-05-17,4783,19
2016-05-18,4791,0
2016-05-19,4920,14
2016-05-20,4306,0
2016-05-21,4420,2
2016-05-22,4881,31
2016-05-23,4785,0
2016-05-24,4765,27
2016-05-25,4790,0
2016-05-26,4904,5
2016-05-27,4218,0
2016-05-28,4342,0
2016-05-29,4936,33
2016-05-30,4725,0
2016-05-31,4806,14
2016-06-01,4863,2
2016-06-02,4920,16
2016-06-03,4319,2
2016-06-04,4406,0
2016-06-05,4972,22
2016-06-06,4833,0
2016-06-07,4765,13
2016-06-08,4838,2
2016-06-09,4906,14
2016-06-10,4310,0
2016-06-11,4372,0
2016-06-12,4850,42
2016-06-13,4912,0
2016-06-14,4912,16
2016-06-15,4874,0
2016-06-16,4927,16
2016-06-17,4364,2
2016-06-18,4374,4
2016-06-19,4960,11
2016-06-20,4730,0
2016-06-21,4762,24
2016-06-22,4726,0
2016-06-23,4791,14
2016-06-24,4264,0
2016-06-25,4486,0
2016-06-26,4820,26
2016-06-27,4782,0
2016-06-28,4857,15
2016-06-29,4763,0
2016-06-30,4872,23
2016-07-01,4287,2
2016-07-02,4445,0
2016-07-03,4728,12
2016-07-04,4820,0
2016-07-05,4778,15
2016-07-06,4813,0
2016-07-07,4915,21
2016-07-08,4281,0
2016-07-09,4411,0
2016-07-10,4906,32
2016-07-11,4977,0
2016-07-12,4761,25
2016-07-13,4920,0
2016-07-14,4802,18
2016-07-15,4216,0
2016-07-16,4371,0
2016-07-17,4813,23
2016-07-18,4848,2
2016-07-19,4934,18
2016-07-20,4857,0
2016-07-21,4789,27
2016-07-22,4333,2
2016-07-23,4409,0
2016-07-24,4726,15
2016-07-25,4812,0
2016-07-26,4942,16
2016-07-27,4837,0
2016-07-28,4934,9
2016-07-29,4262,0
2016-07-30,4485,0
2016-07-31,4768,27
2016-08-01,4814,2
2016-08-02,4698,14
2016-08-03,4809,0
2016-08-04,4816,10
2016-08-05,4219,2
2016-08-06,4449,0
2016-08-07,4792,16
2016-08-08,4753,2
2016-08-09,4739,13
2016-08-10,4843,0
2016-08-11,4877,35
2016-08-12,4387,0
2016-08-13,4343,0
2016-08-14,4905,24
2016-08-15,4755,2
2016-08-16,4732,24
2016-08-17,4847,0
2016-08-18,4882,16
2016-08-19,4361,2
2016-08-20,4390,0
2016-08-21,4767,26
2016-08-22,4767,0
2016-08-23,4815,23
2016-08-24,4820,0
2016-08-25,4997,26
2016-08-26,4231,0
2016-08-27,4308,2
2016-08-28,4870,32
2016-08-29,4730,2
2016-08-30,4793,37
2016-08-31,4844,6
2016-09-01,4963,8
2016-09-02,4314,0
2016-09-03,4368,2
2016-09-04,4916,27
2016-09-05,4774,0
2016-09-06,4793,20
2016-09-07,4720,0
2016-09-08,4800,13
2016-09-09,4245,0
2016-09-10,4381,0
2016-09-11,4783,36
2016-09-12,4874,2
2016-09-13,4845,26
2016-09-14,4801,0
2016-09-15,4859,21
2016-09-16,4158,0
2016-09-17,4433,0
2016-09-18,4927,48
2016-09-19,4711,2
2016-09-20,4764,13
2016-09-21,4751,0
2016-09-22,4920,22
2016-09-23,4251,4
2016-09-24,4350,0
2016-09-25,4830,35
2016-09-26,4834,0
2016-09-27,4832,20
2016-09-28,4776,0
2016-09-29,4848,19
2016-09-30,4235,4
2016-10-01,4429,0
2016-10-02,4812,14
2016-10-03,4797,0
2016-10-04,4962,24
2016-10-05,4845,0
2016-10-06,4813,21
2016-10-07,4198,0
2016-10-08,4481,0
2016-10-09,4683,20
2016-10-10,4744,0
2016-10-11,4927,15
2016-10-12,4816,0
2016-10-13,4952,7
2016-10-14,4272,0
2016-10-15,4402,0
2016-10-16,4843,25
2016-10-17,4734,2
2016-10-18,4706,11
2016-10-19,4713,0
2016-10-20,4847,25
2016-10-21,4269,0
2016-10-22,4546,2
2016-10-23,4895,40
2016-10-24,4784,2
2016-10-25,4744,9
2016-10-26,4896,0
2016-10-27,4794,0
2016-10-28,4335,2
2016-10-29,4393,0
2016-10-30,4813,12
2016-10-31,4717,0
2016-11-01,4910,34
2016-11-02,4788,0
2016-11-03,4925,19
2016-11-04,4333,0
2016-11-05,4356,2
2016-11-06,4919,26
2016-11-07,4720,4
2016-11-08,4827,23
2016-11-09,4812,0
2016-11-10,4848,10
2016-11-11,4252,0
2016-11-12,4384,0
2016-11-13,4869,38
2016-11-14,4744,2
2016-11-15,4877,16
2016-11-16,4881,0
2016-11-17,4942,18
2016-11-18,4238,2
2016-11-19,4454,2
2016-11-20,4803,40
2016-11-21,4780,0
2016-11-22,4845,9
2016-11-23,4967,0
2016-11-24,4954,25
2016-11-25,4239,2
2016-11-26,4473,0
2016-11-27,4902,21
2016-11-28,4824,0
2016-11-29,4780,11
2016-11-30,4718,2
2016-12-01,4913,17
2016-12-02,4284,0
2016-12-03,4475,0
2016-12-04,4809,15
2016-12-05,4783,2
2016-12-06,4767,15
2016-12-07,4784,0
2016-12-08,4845,18
2016-12-09,4262,2
2016-12-10,4483,0
2016-12-11,4902,35
2016-12-12,4843,0
2016-12-13,4896,14
2016-12-14,4794,0
2016-12-15,4934,27
2016-12-16,4252,0
2016-12-17,4403,0
2016-12-18,4758,27
2016-12-19,4685,0
2016-12-20,4773,0
2016-12-21,4779,0
2016-12-22,4848,2
2016-12-23,4276,0
2016-12-24,4524,0
2016-12-25,4832,0
2016-12-26,4860,0
2016-12-27,4789,0
2016-12-28,4853,0
2016-12-29,4787,0
2016-12-30,4332,0
2016-12-31,4417,0
2017-01-01,4908,0
2017-01-02,4309,0
2017-01-03,4801,0
2017-01-04,4918,0
2017-01-05,4834,0
2017-01-06,4807,0
2017-01-07,4922,0
2017-01-08,4304,0
2017-01-09,4404,0
2017-01-10,4737,0
2017-01-11,4794,0
2017-01-12,4827,0
2017-01-13,4891,0
2017-01-14,4861,0
2017-01-15,4247,0
2017-01-16,4414,0
2017-01-17,4851,0
2017-01-18,4754,0
2017-01-19,4982,0
2017-01-20,4769,0
2017-01-21,4930,0
2017-01-22,4251,0
2017-01-23,4385,0
2017-01-24,4926,0
2017-01-25,4859,0
2017-01-26,4852,0
2017-01-27,4796,0
2017-01-28,4822,0
2017-01-29,4390,0
2017-01-30,4301,0
2017-01-31,4814,0
2017-02-01,4794,0
2017-02-02,4762,0
2017-02-03,4806,0
2017-02-04,4833,0
2017-02-05,4222,0
2017-02-06,4568,0
2017-02-07,4843,0
2017-02-08,4890,0
2017-02-09,4885,0
2017-02-10,4850,0
2017-02-11,4914,0
2017-02-12,4486,0
2017-02-13,4366,0
2017-02-14,4861,0
2017-02-15,4679,0
2017-02-16,4771,0
2017-02-17,4827,0
2017-02-18,4947,0
2017-02-19,4331,0
2017-02-20,4401,0
2017-02-21,4936,0
2017-02-22,4848,0
2017-02-23,4822,0
2017-02-24,4793,0
2017-02-25,4905,0
2017-02-26,4365,0
2017-02-27,4362,0
2017-02-28,4798,0
2017-03-01,4855,0
2017-03-02,4841,0
2017-03-03,4799,0
2017-03-04,4892,0
2017-03-05,4230,0
2017-03-06,4501,0
2017-03-07,4765,0
2017-03-08,4824,0
2017-03-09,4759,0
2017-03-10,4859,0
2017-03-11,4862,0
2017-03-12,4435,0
2017-03-13,4322,0
2017-03-14,4751,0
2017-03-15,4776,0
2017-03-16,4811,0
2017-03-17,4683,0
2017-03-18,4896,0
2017-03-19,4268,0
2017-03-20,4393,0
2017-03-21,4676,0
2017-03-22,4748,0
2017-03-23,4811,0
2017-03-24,4754,0
2017-03-25,4958,0
2017-03-26,4282,0
2017-03-27,4535,0
2017-03-28,4845,0
2017-03-29,4855,0
2017-03-30,4837,0
2017-03-31,4931,0
2017-04-01,4876,0
2017-04-02,4336,0
2017-04-03,4456,0
2017-04-04,4773,0
2017-04-05,4921,0
2017-04-06,4862,0
2017-04-07,4945,0
2017-04-08,4883,0
2017-04-09,4255,0
2017-04-10,4410,0
2017-04-11,4824,0
2017-04-12,4854,0
2017-04-13,4826,0
2017-04-14,4745,0
2017-04-15,4948,0
2017-04-16,4315,0
2017-04-17,4516,0
2017-04-18,4864,0
2017-04-19,4879,0
2017-04-20,4873,0
2017-04-21,4854,0
2017-04-22,4997,0
2017-04-23,4329,0
2017-04-24,4512,0
2017-04-25,4979,0
2017-04-26,4832,0
2017-04-27,4713,0
2017-04-28,4935,0
2017-04-29,4866,0
2017-04-30,4437,0
2017-05-01,4368,0
2017-05-02,4857,0
2017-05-03,4848,0
2017-05-04,4814,0
2017-05-05,4805,0
2017-05-06,4959,0
2017-05-07,4350,0
2017-05-08,4410,0
2017-05-09,4808,0
2017-05-10,4821,0
2017-05-11,4807,0
2017-05-12,4824,0
2017-05-13,4871,0
2017-05-14,4331,0
2017-05-15,4415,0
2017-05-16,4904,0
2017-05-17,4943,0
2017-05-18,4956,0
2017-05-19,4892,0
2017-05-20,4865,0
2017-05-21,4280,0
2017-05-22,4433,0
2017-05-23,4816,0
2017-05-24,4899,0
2017-05-25,4905,0
2017-05-26,4861,0
2017-05-27,4846,0
2017-05-28,4341,0
2017-05-29,4490,0
2017-05-30,4912,0
2017-05-31,4910,0
2017-06-01,4762,0
2017-06-02,4821,0
2017-06-03,5030,0
2017-06-04,4283,0
2017-06-05,4489,0
2017-06-06,4824,0
2017-06-07,4935,0
2017-06-08,4786,0
2017-06-09,4805,0
2017-06-10,4903,0
2017-06-11,4494,0
2017-06-12,4397,0
2017-06-13,4800,0
2017-06-14,4875,0
2017-06-15,4830,0
2017-06-16,4912,0
2017-06-17,4869,0
2017-06-18,4498,0
2017-06-19,4532,0
2017-06-20,4863,0
2017-06-21,4838,0
2017-06-22,4866,0
2017-06-23,4913,0
2017-06-24,4922,0
2017-06-25,4354,0
2017-06-26,4502,0
2017-06-27,5003,0
2017-06-28,4907,0
2017-06-29,4737,0
2017-06-30,4881,0
2017-07-01,4874,0
2017-07-02,4413,0
2017-07-03,4507,0
2017-07-04,5107,0
2017-07-05,4881,0
2017-07-06,4946,0
2017-07-07,4857,0
2017-07-08,4815,0
2017-07-09,4381,0
2017-07-10,4491,0
2017-07-11,4838,0
2017-07-12,4843,0
2017-07-13,4851,0
2017-07-14,4781,0
2017-07-15,4892,0
2017-07-16,4490,0
2017-07-17,4405,0
2017-07-18,4851,0
2017-07-19,4953,0
2017-07-20,4849,0
2017-07-21,4833,0
2017-07-22,4831,0
2017-07-23,4327,0
2017-07-24,4473,0
2017-07-25,4835,0
2017-07-26,4960,0
2017-07-27,4836,0
2017-07-28,4831,0
2017-07-29,4892,0
2017-07-30,4281,0
2017-07-31,4535,0
2017-08-01,4790,0
2017-08-02,4889,0
2017-08-03,4887,0
2017-08-04,4805,0
2017-08-05,4805,0
2017-08-06,4377,0
2017-08-07,4285,0
2017-08-08,4863,0
2017-08-09,4876,0
2017-08-10,4856,0
2017-08-11,4845,0
2017-08-12,4836,0
2017-08-13,4416,0
2017-08-14,4354,0
2017-08-15,4830,0
2017-08-16,4814,0
2017-08-17,4759,0
2017-08-18,4837,0
2017-08-19,4932,0
2017-08-20,4252,0
2017-08-21,4614,0
2017-08-22,4802,0
2017-08-23,4810,0
2017-08-24,4930,0
2017-08-25,4826,0
2017-08-26,4971,0
2017-08-27,4385,0
2017-08-28,4600,0
2017-08-29,4822,0
2017-08-30,4795,0
2017-08-31,4760,0
2017-09-01,4813,0
2017-09-02,4890,0
2017-09-03,4420,0
2017-09-04,4519,0
2017-09-05,4974,0
2017-09-06,4849,0
2017-09-07,4798,0
2017-09-08,4797,0
2017-09-09,4979,0
2017-09-10,4356,0
2017-09-11,4478,0
2017-09-12,4704,0
2017-09-13,4690,0
2017-09-14,4820,0
2017-09-15,4835,0
2017-09-16,4944,0
2017-09-17,4312,0
2017-09-18,4430,0
2017-09-19,4965,0
2017-09-20,4872,0
2017-09-21,4871,0
2017-09-22,4888,0
2017-09-23,4822,0
2017-09-24,4369,0
2017-09-25,4345,0
2017-09-26,4802,0
2017-09-27,4825,0
2017-09-28,4783,0
2017-09-29,4758,0
2017-09-30,4955,0
2017-10-01,4288,0
2017-10-02,4477,0
2017-10-03,4919,0
2017-10-04,4745,0
2017-10-05,4911,0
2017-10-06,4943,0
2017-10-07,4824,0
2017-10-08,4301,0
2017-10-09,4452,0
2017-10-10,4919,0
2017-10-11,4879,0
2017-10-12,4704,0
2017-10-13,4741,0
2017-10-14,4825,0
2017-10-15,4438,0
2017-10-16,4379,0
2017-10-17,4703,0
2017-10-18,4737,0
2017-10-19,4843,0
2017-10-20,4759,0
2017-10-21,4922,0
2017-10-22,4301,0
2017-10-23,4603,0
2017-10-24,4876,0
2017-10-25,4883,0
2017-10-26,4835,0
2017-10-27,4783,0
2017-10-28,4851,0
2017-10-29,4393,0
2017-10-30,4458,0
2017-10-31,4868,0
2017-11-01,4701,0
2017-11-02,4889,0
2017-11-03,4803,0
2017-11-04,4932,0
2017-11-05,4308,0
2017-11-06,4513,0
2017-11-07,4754,0
2017-11-08,4840,0
2017-11-09,4861,0
2017-11-10,4849,0
2017-11-11,4939,0
2017-11-12,4324,0
2017-11-13,4482,0
2017-11-14,4937,0
2017-11-15,4956,0
2017-11-16,4747,0
2017-11-17,4949,0
2017-11-18,4854,0
2017-11-19,4383,3
2017-11-20,4446,0
2017-11-21,4841,7
2017-11-22,4848,10
2017-11-23,4804,8
2017-11-24,4939,0
2017-11-25,4928,0
2017-11-26,4322,6
2017-11-27,4471,0
2017-11-28,4754,7
2017-11-29,4905,5
2017-11-30,4871,12
2017-12-01,4668,0
2017-12-02,4963,0
2017-12-03,4386,17
2017-12-04,4522,0
2017-12-05,4838,10
2017-12-06,4768,15
2017-12-07,4774,8
2017-12-08,4857,0
2017-12-09,4969,0
2017-12-10,4188,12
2017-12-11,4557,0
2017-12-12,4825,21
2017-12-13,4787,8
2017-12-14,4810,9
2017-12-15,4881,0
2017-12-16,4903,0
2017-12-17,4432,10
2017-12-18,4481,0
2017-12-19,4848,17
2017-12-20,4705,13
2017-12-21,4758,6
2017-12-22,4820,0
2017-12-23,4840,0
2017-12-24,4226,10
2017-12-25,5060,0
2017-12-26,4737,11
2017-12-27,4766,9
2017-12-28,4724,6
2017-12-29,4835,0
2017-12-30,4992,0
2017-12-31,4319,15
2018-01-01,5061,12
2018-01-02,4343,0
2018-01-03,4819,11
2018-01-04,4779,8
2018-01-05,4799,7
2018-01-06,4737,0
2018-01-07,4980,0
2018-01-08,4300,2
2018-01-09,4398,0
2018-01-10,4960,15
2018-01-11,4740,10
2018-01-12,4797,10
2018-01-13,4747,0
2018-01-14,4813,0
2018-01-15,4424,3
2018-01-16,4456,0
2018-01-17,4885,4
2018-01-18,4849,5
2018-01-19,4843,4
2018-01-20,4898,0
2018-01-21,4875,0
2018-01-22,4438,9
2018-01-23,4491,0
2018-01-24,4915,8
2018-01-25,4908,8
2018-01-26,4845,8
2018-01-27,4774,0
2018-01-28,4800,0
2018-01-29,4431,7
2018-01-30,4500,0
2018-01-31,4752,14
2018-02-01,4767,10
2018-02-02,4752,14
2018-02-03,4809,0
2018-02-04,4826,0
2018-02-05,4359,14
2018-02-06,4365,0
2018-02-07,4954,14
2018-02-08,4685,6
2018-02-09,4752,7
2018-02-10,4839,0
2018-02-11,4901,0
2018-02-12,4297,12
2018-02-13,4394,0
2018-02-14,4751,9
2018-02-15,4837,10
2018-02-16,4745,12
2018-02-17,4725,0
2018-02-18,4870,0
2018-02-19,4186,13
2018-02-20,4409,0
2018-02-21,4999,9
2018-02-22,4837,12
2018-02-23,4850,11
2018-02-24,4797,0
2018-02-25,4864,0
2018-02-26,4479,16
2018-02-27,4445,1
2018-02-28,4782,13
2018-03-01,4748,10
2018-03-02,4806,19
2018-03-03,4856,0
2018-03-04,4796,0
2018-03-05,4287,7
2018-03-06,4537,0
2018-03-07,4824,20
2018-03-08,4939,15
2018-03-09,4903,15
2018-03-10,4813,2
2018-03-11,4828,4
2018-03-12,4315,12
2018-03-13,4409,0
2018-03-14,4785,7
2018-03-15,4801,12
2018-03-16,4811,7
2018-03-17,4715,2
2018-03-18,4768,0
2018-03-19,4341,6
2018-03-20,4497,0
2018-03-21,4871,21
2018-03-22,4850,17
2018-03-23,4879,13
2018-03-24,4907,0
2018-03-25,4858,0
2018-03-26,4299,12
2018-03-27,4458,0
2018-03-28,4804,13
2018-03-29,4868,7
2018-03-30,4762,8
2018-03-31,4937,0
2018-04-01,4813,0
2018-04-02,4289,14
2018-04-03,4512,0
2018-04-04,4896,7
2018-04-05,4991,14
2018-04-06,4812,16
2018-04-07,4876,0
2018-04-08,4921,0
2018-04-09,4323,28
2018-04-10,4353,0
2018-04-11,4799,26
2018-04-12,4901,23
2018-04-13,4842,20
2018-04-14,4805,0
2018-04-15,5009,0
2018-04-16,4370,12
2018-04-17,4478,0
2018-04-18,4883,18
2018-04-19,4914,17
2018-04-20,4823,17
2018-04-21,4807,0
2018-04-22,4848,0
2018-04-23,4479,5
2018-04-24,4453,3
2018-04-25,4881,16
2018-04-26,4825,6
2018-04-27,4805,5
2018-04-28,4814,0
2018-04-29,4892,0
2018-04-30,4274,22
2018-05-01,4400,1
2018-05-02,4678,16
2018-05-03,4895,6
2018-05-04,4858,16
2018-05-05,4802,0
2018-05-06,4981,0
2018-05-07,4326,13
2018-05-08,4334,0
2018-05-09,4908,6
2018-05-10,4832,13
2018-05-11,4889,9
2018-05-12,4732,0
2018-05-13,4896,0
2018-05-14,4207,15
2018-05-15,4419,0
2018-05-16,4791,8
2018-05-17,4704,2
2018-05-18,4776,3
2018-05-19,4823,0
2018-05-20,4907,0
2018-05-21,4282,11
2018-05-22,4346,0
2018-05-23,4790,8
2018-05-24,4847,6
2018-05-25,4742,4
2018-05-26,4845,0
2018-05-27,4906,0
2018-05-28,4234,14
2018-05-29,4463,0
2018-05-30,4957,9
2018-05-31,4868,7
2018-06-01,4734,22
2018-06-02,4795,0
2018-06-03,4919,1
2018-06-04,4228,19
2018-06-05,4551,1
2018-06-06,4928,7
2018-06-07,4908,11
2018-06-08,4757,6
2018-06-09,4856,0
2018-06-10,4825,0
2018-06-11,4327,4
2018-06-12,4312,0
2018-06-13,4856,13
2018-06-14,4926,5
2018-06-15,4956,8
2018-06-16,4843,0
2018-06-17,4981,0
2018-06-18,4388,5
2018-06-19,4403,0
2018-06-20,4783,3
2018-06-21,4758,3
2018-06-22,4832,4
2018-06-23,4830,0
2018-06-24,4891,0
2018-06-25,4342,8
2018-06-26,4533,0
2018-06-27,4743,16
2018-06-28,4806,11
2018-06-29,4898,7
2018-06-30,4918,0
2018-07-01,4929,0
2018-07-02,4397,11
2018-07-03,4525,0
2018-07-04,4814,11
2018-07-05,4952,15
2018-07-06,4831,12
2018-07-07,4866,1
2018-07-08,4763,0
2018-07-09,4427,10
2018-07-10,4551,0
2018-07-11,4786,17
2018-07-12,4832,10
2018-07-13,4735,6
2018-07-14,4892,0
2018-07-15,4850,0
2018-07-16,4447,7
2018-07-17,4475,0
2018-07-18,4912,1
2018-07-19,4931,8
2018-07-20,4910,7
2018-07-21,4893,0
2018-07-22,5053,1
2018-07-23,4397,7
2018-07-24,4378,0
2018-07-25,4779,9
2018-07-26,4827,5
2018-07-27,4895,11
2018-07-28,4868,0
2018-07-29,4930,0
2018-07-30,4337,7
2018-07-31,4456,0
2018-08-01,4841,18
2018-08-02,4851,14
2018-08-03,4873,6
2018-08-04,4698,0
2018-08-05,4777,0
2018-08-06,4374,7
2018-08-07,4374,0
2018-08-08,4973,20
2018-08-09,4784,11
2018-08-10,4730,8
2018-08-11,4870,0
2018-08-12,4882,0
2018-08-13,4422,12
2018-08-14,4363,0
2018-08-15,5035,19
2018-08-16,4754,3
2018-08-17,4916,11
2018-08-18,4810,0
2018-08-19,4877,0
2018-08-20,4419,15
2018-08-21,4530,1
2018-08-22,4744,7
2018-08-23,4978,12
2018-08-24,4897,8
2018-08-25,4850,0
2018-08-26,4899,0
2018-08-27,4452,8
2018-08-28,4367,0
2018-08-29,4924,12
2018-08-30,4917,11
2018-08-31,4802,13
2018-09-01,4873,0
2018-09-02,4867,1
2018-09-03,4350,16
2018-09-04,4452,0
2018-09-05,4945,15
2018-09-06,4757,17
2018-09-07,4682,23
2018-09-08,4908,0
2018-09-09,4950,0
2018-09-10,4368,21
2018-09-11,4422,0
2018-09-12,4762,20
2018-09-13,4835,18
2018-09-14,4847,14
2018-09-15,4759,0
2018-09-16,4894,0
2018-09-17,4290,9
2018-09-18,4539,0
2018-09-19,4843,13
2018-09-20,4782,13
2018-09-21,4795,17
2018-09-22,4740,2
2018-09-23,4855,0
2018-09-24,4274,23
2018-09-25,4415,0
2018-09-26,4790,13
2018-09-27,5016,14
2018-09-28,4761,13
2018-09-29,4841,0
2018-09-30,4945,0
2018-10-01,4295,14
2018-10-02,4480,0
2018-10-03,4783,11
2018-10-04,4731,17
2018-10-05,4825,10
2018-10-06,4922,0
2018-10-07,4825,0
2018-10-08,4403,7
2018-10-09,4373,0
2018-10-10,4906,9
2018-10-11,4679,5
2018-10-12,4845,7
2018-10-13,4866,0
2018-10-14,4795,0
2018-10-15,4318,10
2018-10-16,4295,0
2018-10-17,4931,8
2018-10-18,4824,7
2018-10-19,4992,5
2018-10-20,4837,0
2018-10-21,4921,0
2018-10-22,4268,10
2018-10-23,4457,0
2018-10-24,4877,7
2018-10-25,4875,20
2018-10-26,4880,2
2018-10-27,4805,0
2018-10-28,4889,0
2018-10-29,4311,14
2018-10-30,4437,0
2018-10-31,4828,18
2018-11-01,4797,12
2018-11-02,5040,22
2018-11-03,4821,0
2018-11-04,4851,0
2018-11-05,4396,15
2018-11-06,4437,0
2018-11-07,4821,12
2018-11-08,4773,9
2018-11-09,4847,17
2018-11-10,4862,5
2018-11-11,4812,0
2018-11-12,4294,18
2018-11-13,4426,1
2018-11-14,4821,5
2018-11-15,4804,15
2018-11-16,4866,24
2018-11-17,4803,9
2018-11-18,4865,1
2018-11-19,4318,12
2018-11-20,4422,4
2018-11-21,4742,8
2018-11-22,4877,16
2018-11-23,4795,16
2018-11-24,5040,18
2018-11-25,4944,0
2018-11-26,4331,20
2018-11-27,4492,0
2018-11-28,4876,7
2018-11-29,4842,6
2018-11-30,4828,28
2018-12-01,4879,23
2018-12-02,4852,0
2018-12-03,4294,15
2018-12-04,4452,2
2018-12-05,4792,16
2018-12-06,4918,7
2018-12-07,4850,6
2018-12-08,4836,0
2018-12-09,4918,0
2018-12-10,4244,9
2018-12-11,4400,0
2018-12-12,4741,12
2018-12-13,4687,7
2018-12-14,4960,13
2018-12-15,4844,0
2018-12-16,4906,0
2018-12-17,4392,21
2018-12-18,4576,0
2018-12-19,4753,20
2018-12-20,4832,10
2018-12-21,4822,9
2018-12-22,4747,0
2018-12-23,4819,0
2018-12-24,4290,9
2018-12-25,5174,2
2018-12-26,4845,16
2018-12-27,4847,7
2018-12-28,4893,11
2018-12-29,4721,0
2018-12-30,4758,0
2018-12-31,4221,14
2019-01-01,5100,11
2019-01-02,4152,0
2019-01-03,4797,14
2019-01-04,4884,11
2019-01-05,4785,1
2019-01-06,4881,0
2019-01-07,4898,0
2019-01-08,4295,14
2019-01-09,4429,2
2019-01-10,4890,10
2019-01-11,4752,4
2019-01-12,4908,15
2019-01-13,4822,0
2019-01-14,4965,0
2019-01-15,4347,7
2019-01-16,4357,0
2019-01-17,4965,9
2019-01-18,4752,10
2019-01-19,4882,7
2019-01-20,4774,0
2019-01-21,4938,0
2019-01-22,4377,11
2019-01-23,4355,1
2019-01-24,4911,8
2019-01-25,4815,15
2019-01-26,4868,20
2019-01-27,4857,0
2019-01-28,4841,0
2019-01-29,4258,14
2019-01-30,4324,0
2019-01-31,4918,19
2019-02-01,4785,13
2019-02-02,4861,16
2019-02-03,4918,0
2019-02-04,4895,0
2019-02-05,4255,8
2019-02-06,4410,0
2019-02-07,4960,4
2019-02-08,4813,5
2019-02-09,4803,3
2019-02-10,4804,0
2019-02-11,4983,0
2019-02-12,4409,12
2019-02-13,4329,0
2019-02-14,4769,11
2019-02-15,4946,14
2019-02-16,4899,15
2019-02-17,4998,0
2019-02-18,4844,0
2019-02-19,4292,13
2019-02-20,4432,0
2019-02-21,4944,8
2019-02-22,4808,12
2019-02-23,4755,11
2019-02-24,4816,0
2019-02-25,4991,1
2019-02-26,4253,4
2019-02-27,4318,0
2019-02-28,4812,6
2019-03-01,4708,5
2019-03-02,4852,6
2019-03-03,4922,0
2019-03-04,4854,0
2019-03-05,4338,3
2019-03-06,4483,0
2019-03-07,4866,9
2019-03-08,4919,19
2019-03-09,5013,14
2019-03-10,4920,0
2019-03-11,4906,0
2019-03-12,4334,14
2019-03-13,4331,2
2019-03-14,4778,13
2019-03-15,4935,13
2019-03-16,4839,8
2019-03-17,4906,0
2019-03-18,5053,0
2019-03-19,4352,17
2019-03-20,4408,0
2019-03-21,4985,22
2019-03-22,4936,10
2019-03-23,4948,9
2019-03-24,4765,0
2019-03-25,4807,3
2019-03-26,4375,8
2019-03-27,4364,0
2019-03-28,4751,14
2019-03-29,4895,13
2019-03-30,4832,13
2019-03-31,4827,0
2019-04-01,4843,0
2019-04-02,4345,13
2019-04-03,4374,0
2019-04-04,4888,15
2019-04-05,4752,18
2019-04-06,4790,9
2019-04-07,4859,0
2019-04-08,4886,0
2019-04-09,4331,10
2019-04-10,4444,0
2019-04-11,4791,13
2019-04-12,4823,13
2019-04-13,4893,5
2019-04-14,4686,0
2019-04-15,4917,0
2019-04-16,4351,10
2019-04-17,4580,0
2019-04-18,4883,12
2019-04-19,4897,9
2019-04-20,4985,21
2019-04-21,4918,0
2019-04-22,4928,1
2019-04-23,4263,16
2019-04-24,4380,0
2019-04-25,4853,13
2019-04-26,4919,14
2019-04-27,4854,16
2019-04-28,4872,0
2019-04-29,4797,0
2019-04-30,4307,10
2019-05-01,4426,0
2019-05-02,4777,16
2019-05-03,4766,13
2019-05-04,4864,10
2019-05-05,4927,0
2019-05-06,4837,0
2019-05-07,4261,17
2019-05-08,4406,0
2019-05-09,4871,18
2019-05-10,4886,12
2019-05-11,4812,17
2019-05-12,4834,0
2019-05-13,4841,0
2019-05-14,4354,8
2019-05-15,4302,1
2019-05-16,4746,16
2019-05-17,4762,13
2019-05-18,4893,18
2019-05-19,4707,0
2019-05-20,4751,0
2019-05-21,4281,15
2019-05-22,4411,1
2019-05-23,4845,17
2019-05-24,4920,11
2019-05-25,4856,16
2019-05-26,4854,0
2019-05-27,4906,0
2019-05-28,4272,15
2019-05-29,4344,0
2019-05-30,4987,16
2019-05-31,4949,10
2019-06-01,4832,8
2019-06-02,4831,0
2019-06-03,4867,0
2019-06-04,4407,17
2019-06-05,4482,0
2019-06-06,4820,12
2019-06-07,4892,10
2019-06-08,4888,6
2019-06-09,4818,0
2019-06-10,4816,0
2019-06-11,4324,6
2019-06-12,4356,0
2019-06-13,4830,20
2019-06-14,4865,11
2019-06-15,4911,12
2019-06-16,4855,0
2019-06-17,4981,0
2019-06-18,4364,13
2019-06-19,4443,0
2019-06-20,4831,10
2019-06-21,4922,12
2019-06-22,4872,24
2019-06-23,4744,2
2019-06-24,4908,0
2019-06-25,4424,13
2019-06-26,4589,1
2019-06-27,4887,5
2019-06-28,4889,19
2019-06-29,4844,14
2019-06-30,4907,0
2019-07-01,4981,2
2019-07-02,4250,9
2019-07-03,4420,0
2019-07-04,4904,7
2019-07-05,4939,5
2019-07-06,4783,8
2019-07-07,4810,0
2019-07-08,4892,0
2019-07-09,4419,10
2019-07-10,4458,0
2019-07-11,4921,6
2019-07-12,4848,6
2019-07-13,4872,1
2019-07-14,4920,0
2019-07-15,4903,0
2019-07-16,4390,8
2019-07-17,4493,0
2019-07-18,4919,7
2019-07-19,4699,12
2019-07-20,4959,13
2019-07-21,4812,0
2019-07-22,4913,0
2019-07-23,4492,18
2019-07-24,4451,1
2019-07-25,4930,5
2019-07-26,4937,14
2019-07-27,4839,8
2019-07-28,4842,0
2019-07-29,4880,0
2019-07-30,4365,16
2019-07-31,4358,0
2019-08-01,4928,12
2019-08-02,4940,21
2019-08-03,4877,21
2019-08-04,4778,0
2019-08-05,4968,0
2019-08-06,4481,19
2019-08-07,4590,0
2019-08-08,4769,24
2019-08-09,4959,12
2019-08-10,4843,15
2019-08-11,4849,0
2019-08-12,4830,0
2019-08-13,4309,11
2019-08-14,4378,0
2019-08-15,4831,9
2019-08-16,4864,11
2019-08-17,4881,9
2019-08-18,4733,0
2019-08-19,4854,0
2019-08-20,4520,8
2019-08-21,4516,0
2019-08-22,4758,9
2019-08-23,4845,8
2019-08-24,4907,10
2019-08-25,4826,1
2019-08-26,4850,0
2019-08-27,4336,11
2019-08-28,4379,0
2019-08-29,4924,10
2019-08-30,4866,12
2019-08-31,4750,14
2019-09-01,4854,0
2019-09-02,5001,2
2019-09-03,4340,17
2019-09-04,4337,0
2019-09-05,4996,13
2019-09-06,4850,10
2019-09-07,4832,10
2019-09-08,4803,0
2019-09-09,4899,0
2019-09-10,4383,10
2019-09-11,4413,0
2019-09-12,4814,6
2019-09-13,4915,5
2019-09-14,4850,2
2019-09-15,4788,0
2019-09-16,4896,2
2019-09-17,4335,8
2019-09-18,4351,0
2019-09-19,4782,3
2019-09-20,4805,4
2019-09-21,4770,10
2019-09-22,4930,0
2019-09-23,5030,0
2019-09-24,4284,11
2019-09-25,4405,0
2019-09-26,4742,8
2019-09-27,4868,12
2019-09-28,4798,9
2019-09-29,4860,0
2019-09-30,4813,0
2019-10-01,4212,15
2019-10-02,4418,0
2019-10-03,4872,14
2019-10-04,4913,14
2019-10-05,4780,18
2019-10-06,4910,0
2019-10-07,4866,0
2019-10-08,4248,29
2019-10-09,4420,0
2019-10-10,4867,17
2019-10-11,4879,20
2019-10-12,4816,21
2019-10-13,4819,1
2019-10-14,4799,0
2019-10-15,4299,22
2019-10-16,4337,0
2019-10-17,4848,16
2019-10-18,4892,15
2019-10-19,4852,13
2019-10-20,4733,0
2019-10-21,4906,0
2019-10-22,4269,18
2019-10-23,4505,0
2019-10-24,4759,12
2019-10-25,4785,17
2019-10-26,4717,10
2019-10-27,4738,3
2019-10-28,4908,0
2019-10-29,4384,0
2019-10-30,4377,0
2019-10-31,4946,0
2019-11-01,4862,0
2019-11-02,4867,0
2019-11-03,4798,0
2019-11-04,4962,0
2019-11-05,4353,0
2019-11-06,4460,0
2019-11-07,4791,0
2019-11-08,4897,0
2019-11-09,4881,0
2019-11-10,4876,0
2019-11-11,4834,0
2019-11-12,4300,0
2019-11-13,4460,0
2019-11-14,4855,0
2019-11-15,4905,0
2019-11-16,4839,0
2019-11-17,4854,0
2019-11-18,4863,0
2019-11-19,4295,0
2019-11-20,4352,0
2019-11-21,4792,0
2019-11-22,4825,0
2019-11-23,4831,0
2019-11-24,4984,0
2019-11-25,4863,0
2019-11-26,4341,0
2019-11-27,4464,0
2019-11-28,4837,0
2019-11-29,4815,0
2019-11-30,4890,0
2019-12-01,4811,0
2019-12-02,4831,0
2019-12-03,4320,0
2019-12-04,4536,0
2019-12-05,4680,0
2019-12-06,4791,0
2019-12-07,4887,0
2019-12-08,4827,0
2019-12-09,5022,0
2019-12-10,4416,0
2019-12-11,4336,0
2019-12-12,4798,0
2019-12-13,4847,0
2019-12-14,4959,0
2019-12-15,4738,0
2019-12-16,5041,0
2019-12-17,4296,0
2019-12-18,4385,0
2019-12-19,4856,0
2019-12-20,4865,0
2019-12-21,4777,0
2019-12-22,4813,0
2019-12-23,4933,0
2019-12-24,4313,0
2019-12-25,5139,0
2019-12-26,4879,0
2019-12-27,4718,0
2019-12-28,4663,0
2019-12-29,4749,0
2019-12-30,4989,0
2019-12-31,4364,0
2020-01-01,5895,0
2020-01-02,4998,0
2020-01-03,5633,0
2020-01-04,5592,0
2020-01-05,5603,0
2020-01-06,5588,0
2020-01-07,5855,0
2020-01-08,5035,0
2020-01-09,5229,0
2020-01-10,5656,0
2020-01-11,5607,0
2020-01-12,5730,0
2020-01-13,5650,0
2020-01-14,5701,0
2020-01-15,4965,0
2020-01-16,5070,0
2020-01-17,5749,0
2020-01-18,5414,0
2020-01-19,5505,0
2020-01-20,5629,0
2020-01-21,5768,0
2020-01-22,5005,0
2020-01-23,5219,0
2020-01-24,5735,0
2020-01-25,5785,0
2020-01-26,5703,0
2020-01-27,5639,0
2020-01-28,5788,0
2020-01-29,5000,0
2020-01-30,5217,0
2020-01-31,5768,0
2020-02-01,6095,0
2020-02-02,6112,0
2020-02-03,6157,0
2020-02-04,6275,0
2020-02-05,5295,0
2020-02-06,5685,0
2020-02-07,6017,0
2020-02-08,6035,0
2020-02-09,6127,0
2020-02-10,6046,0
2020-02-11,6147,0
2020-02-12,5499,0
2020-02-13,5542,0
2020-02-14,6038,0
2020-02-15,6004,0
2020-02-16,6016,0
2020-02-17,6004,0
2020-02-18,6214,0
2020-02-19,5448,0
2020-02-20,5595,0
2020-02-21,6303,0
2020-02-22,6099,0
2020-02-23,6077,0
2020-02-24,6006,0
2020-02-25,6076,0
2020-02-26,5368,0
2020-02-27,5491,0
2020-02-28,5998,0
